"species","assembly_count","S_binary","S_cont","seqdef_bin","seqdef_cont","priority_bin","priority_cont","rank_bin","rank_cont","rank_shift"
"Rhinobatos_jimbaranensis",0,0,0,0.891967058919478,0.864408810240703,14.2714729427117,13.8305409638512,1,1,0
"Rhinobatos_annandalei",0,0,0,0.891967058918421,0.864408810239586,14.2714729426947,13.8305409638334,2,2,0
"Acroteriobatus_variegatus",0,0,0,0.891967058918421,0.864408810239586,14.2714729426947,13.8305409638334,2,2,0
"Rhinobatos_schlegelii",0,0,0,0.891967056817744,0.864408808020361,14.2714729090839,13.8305409283258,4,4,0
"Rhinobatos_irvinei",0,0,0,0.891967056805058,0.864408808006959,14.2714729088809,13.8305409281113,5,5,0
"Rhinobatos_rhinobatos",0,0,0,0.891967056800829,0.864408808002491,14.2714729088133,13.8305409280399,6,6,0
"Rhinobatos_lionotus",0,0,0,0.891967056794697,0.864408807996013,14.2714729087152,13.8305409279362,7,7,0
"Rhinobatos_albomaculatus",0,0,0,0.891967056790257,0.864408807991322,14.2714729086441,13.8305409278612,8,8,0
"Centrophorus_atromarginatus",0,0,0,0.886516729342674,0.849256556125528,14.1842676694828,13.5881048980084,9,9,0
"Anoxypristis_cuspidata",0,0,0,0.835033281266345,0.811600007596579,13.3605325002615,12.9856001215453,10,10,0
"Squatina_argentina",0,0,0,0.804833671239863,0.798741752555025,12.8773387398378,12.7798680408804,11,11,0
"Squatina_legnota",0,0,0,0.804833671236304,0.798741752551755,12.8773387397809,12.7798680408281,12,12,0
"Squatina_oculata",0,0,0,0.804833671230156,0.798741752546106,12.8773387396825,12.7798680407377,13,13,0
"Squatina_japonica",0,0,0,0.804833671229833,0.798741752545808,12.8773387396773,12.7798680407329,14,14,0
"Glaucostegus_granulatus",0,0,0,0.800809765342176,0.790233348515749,12.8129562454748,12.643733576252,15,15,0
"Glaucostegus_halavi",0,0,0,0.800809765342176,0.790233348515749,12.8129562454748,12.643733576252,15,15,0
"Glaucostegus_obtusus",0,0,0,0.79661634949403,0.787394753909076,12.7458615919045,12.5983160625452,17,18,1
"Pristis_pristis",0,0,0,0.792219854789643,0.76709627350586,12.6755176766343,12.2735403760938,18,23,5
"Rhynchobatus_springeri",0,0,0,0.791465215977821,0.788288433951197,12.6634434556451,12.6126149432192,19,17,-2
"Atlantoraja_castelnaui",0,0,0,0.78744424356011,0.747307056065869,12.5991078969618,11.9569128970539,20,27,7
"Squatina_armata",0,0,0,0.782082046063155,0.783995423910276,12.5133127370105,12.5439267825644,21,19,-2
"Squatina_occulta",0,0,0,0.782082046059627,0.783995423907137,12.513312736954,12.5439267825142,22,20,-2
"Sympterygia_acuta",0,0,0,0.780695489682067,0.742570200717606,12.4911278349131,11.8811232114817,23,28,5
"Carcharias_taurus",0,0,0,0.774522510335081,0.707204864976911,12.3923601653613,11.3152778396306,24,38,14
"Paratrygon_aiereba",0,0,0,0.772268722697925,0.771445371688056,12.3562995631668,12.3431259470089,25,21,-4
"Pastinachus_stellurostris",0,0,0,0.770324747385499,0.769901184094753,12.325195958168,12.318418945516,26,22,-4
"Pristis_clavata",0,0,0,0.762888591431247,0.738052377514898,12.2062174629,11.8088380402384,27,31,4
"Glaucostegus_thouin",0,0,0,0.761251190293851,0.764009209056903,12.1800190447016,12.2241473449104,28,24,-4
"Glaucostegus_typus",0,0,0,0.761251190293851,0.764009209056903,12.1800190447016,12.2241473449104,28,24,-4
"Squatina_aculeata",0,0,0,0.741354019796487,0.758291412673097,11.8616643167438,12.1326626027696,30,26,-4
"Pristis_zijsron",0,0,0,0.741014278707868,0.716935978571511,11.8562284593259,11.4709756571442,31,34,3
"Urotrygon_reticulata",0,0,0,0.731509886963904,0.741848242612724,11.7041581914225,11.8695718818036,32,29,-3
"Urotrygon_microphthalmum",0,0,0,0.731509886959725,0.74184824260911,11.7041581913556,11.8695718817458,33,30,-3
"Cephaloscyllium_silasi",0,0,0,0.721423016135145,0.651945650158927,11.5427682581623,10.4311304025428,34,46,12
"Cephaloscyllium_sarawakensis",0,0,0,0.721423016099381,0.651945650120532,11.5427682575901,10.4311304019285,35,47,12
"Cephaloscyllium_albipinnum",0,0,0,0.721423016099381,0.651945650120532,11.5427682575901,10.4311304019285,35,47,12
"Cephaloscyllium_fasciatum",0,0,0,0.721423016097226,0.651945650118219,11.5427682575556,10.4311304018915,37,49,12
"Rhinoptera_marginata",0,0,0,0.699111257470426,0.718028564855495,11.1857801195268,11.4884570376879,38,33,-5
"Mobula_tarapacana",0,0,0,0.695612133991514,0.715658775519894,11.1297941438642,11.4505404083183,39,35,-4
"Mobula_thurstoni",0,0,0,0.695612129350468,0.715658771611344,11.1297940696075,11.4505403457815,40,36,-4
"Gymnura_tentaculata",0,0,0,0.69106707607821,0.722865467640552,11.0570732172514,11.5658474822488,41,32,-9
"Rhynchobatus_laevis",0,0,0,0.670003489688858,0.711822850313773,10.7200558350217,11.3891656050204,42,37,-5
"Aetomylaeus_vespertilio",0,0,0,0.641094025869156,0.677006081739145,10.2575044139065,10.8320973078263,43,41,-2
"Rhynchobatus_luebberti",0,0,0,0.63419221528595,0.690380945437042,10.1470754445752,11.0460951269927,44,39,-5
"Squatina_squatina",1,1,0.5,0.615884458925356,0.68296505570927,9.8541513428057,10.9274408913483,45,40,-5
"Rhynchobatus_djiddensis",0,0,0,0.607984938198025,0.674918153186023,9.7277590111684,10.7986904509764,46,42,-4
"Myliobatis_aquila",0,0,0,0.602041159413629,0.648941674036769,9.63265855061806,10.3830667845883,47,50,3
"Myliobatis_ridens",0,0,0,0.602041153539319,0.64894166935374,9.6326584566291,10.3830667096598,48,51,3
"Hemitriakis_leucoperiptera",0,0,0,0.600004056582596,0.555507584630861,9.60006490532153,8.88812135409378,49,54,5
"Triakis_maculata",0,0,0,0.600004050646714,0.55550757885631,9.60006481034743,8.88812126170096,50,55,5
"Rhynchobatus_australiae",1,1,0.5,0.591880258212242,0.665502232071296,9.47008413139587,10.6480357131407,51,44,-7
"Mobula_mobular",0,0,0,0.588724913179826,0.647140593355637,9.41959861087722,10.3542494936902,52,52,0
"Pristis_pectinata",3,1,0.75,0.582080812528954,0.572357626760652,9.31329300046327,9.15772202817043,53,53,0
"Glaucostegus_cemiculus",1,1,0.5,0.582080809615268,0.654609569779867,9.31329295384429,10.4737531164779,54,45,-9
"Pseudoginglymostoma_brevicaudatum",0,0,0,0.576691546166332,0.541028444478933,9.22706473866131,8.65645511166292,55,56,1
"Torpedo_suessii",1,1,0.5,0.568936379961793,0.667537969916287,9.1029820793887,10.6806075186606,56,43,-13
"Mustelus_fasciatus",0,0,0,0.507464355458979,0.478321561523673,8.11942968734366,7.65314498437877,57,58,1
"Mustelus_mento",0,0,0,0.507464355444855,0.478321561510511,8.11942968711768,7.65314498416818,58,59,1
"Mustelus_whitneyi",0,0,0,0.498993021177726,0.471216183992128,7.98388833884362,7.53945894387404,59,61,2
"Platyrhina_sinensis",0,0,0,0.993378149635267,0.967114083560789,7.94702519708214,7.73691266848631,60,57,-3
"Zapteryx_brevirostris",0,0,0,0.976326303643485,0.948520869785537,7.81061042914788,7.5881669582843,61,60,-1
"Narcine_prodorsalis",0,0,0,0.937435452407857,0.908525093737521,7.49948361926285,7.26820074990017,62,62,0
"Hongeo_koreana",0,0,0,0.448250568463445,0.405107807988141,7.17200909541512,6.48172492781026,63,75,12
"Dipturus_batis",0,0,0,0.448250560657432,0.405107800600071,7.17200897051891,6.48172480960113,64,76,12
"Dipturus_mennii",0,0,0,0.448250560652738,0.405107800595628,7.1720089704438,6.48172480953005,65,77,12
"Rhinobatos_penggali",0,0,0,0.891967058904677,0.864408810225067,7.13573647123742,6.91527048180054,66,63,-3
"Rhinobatos_hynnicephalus",0,0,0,0.891967056817744,0.864408808020361,7.13573645454195,6.91527046416289,67,64,-3
"Acroteriobatus_leucospilus",0,0,0,0.891967056794486,0.86440880799579,7.13573645435588,6.91527046396632,68,65,-3
"Centrophorus_squamosus",0,0,0,0.88651673153815,0.849256558541896,7.0921338523052,6.79405246833517,69,67,-2
"Centrophorus_granulosus",0,0,0,0.886516731529412,0.849256558532279,7.0921338522353,6.79405246825823,70,68,-2
"Centrophorus_isodon",0,0,0,0.886516729344858,0.849256556127932,7.09213383475887,6.79405244902346,71,69,-2
"Centrophorus_harrissoni",0,0,0,0.886516729344858,0.849256556127932,7.09213383475887,6.79405244902346,71,69,-2
"Centrophorus_tessellatus",0,0,0,0.886516729338305,0.849256556120719,7.09213383470644,6.79405244896575,73,71,-2
"Torpedo_adenensis",0,0,0,0.870041649623234,0.86087782608463,6.96033319698587,6.88702260867704,74,66,-8
"Oxynotus_centrina",0,0,0,0.866121186117982,0.830180740427875,6.92896948894386,6.641445923423,75,72,-3
"Urolophus_orarius",0,0,0,0.835803257171937,0.822618687876151,6.6864260573755,6.58094950300921,76,73,-3
"Mustelus_schmitti",0,0,0,0.416841012598461,0.404276710771969,6.66945620157537,6.46842737235151,77,78,1
"Echinorhinus_brucus",0,0,0,0.825028969516403,0.812123646749308,6.60023175613123,6.49698917399447,78,74,-4
"Gymnura_zonura",0,0,0,0.814623096457874,0.806166696391369,6.51698477166299,6.44933357113095,79,79,0
"Halaelurus_buergeri",0,0,0,0.808113735271248,0.749506106203132,6.46490988216999,5.99604884962506,80,99,19
"Holohalaelurus_punctatus",0,0,0,0.808113732107531,0.749506102708482,6.46490985686025,5.99604882166785,81,100,19
"Holohalaelurus_favus",0,0,0,0.808113732104338,0.749506102704954,6.4649098568347,5.99604882163963,82,101,19
"Haploblepharus_edwardsii",0,0,0,0.808113732104338,0.749506102704954,6.4649098568347,5.99604882163963,83,101,18
"Squatina_nebulosa",0,0,0,0.804833671236304,0.798741752551755,6.43866936989043,6.38993402041404,84,80,-4
"Squatina_formosa",0,0,0,0.804833671236304,0.798741752551755,6.43866936989043,6.38993402041404,84,80,-4
"Squatina_tergocellatoides",0,0,0,0.804833671229833,0.798741752545808,6.43866936983866,6.38993402036647,86,82,-4
"Odontaspis_ferox",0,0,0,0.80270125192726,0.735571113714737,6.42161001541808,5.8845689097179,87,107,20
"Alopias_pelagicus",0,0,0,0.802701251910944,0.735571113696315,6.42161001528756,5.88456890957052,88,108,20
"Gymnura_altavela",0,0,0,0.800447836928717,0.795770686698641,6.40358269542974,6.36616549358913,89,83,-6
"Atlantoraja_platana",0,0,0,0.787444247019493,0.747307059618084,6.29955397615595,5.97845647694467,90,103,13
"Atlantoraja_cyclophora",0,0,0,0.787444247019493,0.747307059618084,6.29955397615595,5.97845647694467,90,103,13
"Squatina_guggenheim",0,0,0,0.782082046056098,0.783995423903998,6.25665636844879,6.27196339123198,92,85,-7
"Urogymnus_asperrimus",0,0,0,0.776895433561669,0.775021203892466,6.21516346849335,6.20016963113973,93,90,-3
"Himantura_leoparda",0,0,0,0.776895430024069,0.775021200704132,6.21516344019255,6.20016960563306,94,91,-3
"Himantura_undulata",0,0,0,0.776895430020474,0.775021200700892,6.21516344016379,6.20016960560713,95,92,-3
"Himantura_uarnak",0,0,0,0.776895430020474,0.775021200700892,6.21516344016379,6.20016960560713,95,92,-3
"Potamotrygon_yepezi",0,0,0,0.772268726343079,0.771445374959964,6.17814981074463,6.17156299967972,97,94,-3
"Potamotrygon_tigrina",0,0,0,0.772268722699387,0.771445371689368,6.17814978159509,6.17156297351495,98,95,-3
"Pastinachus_solocirostris",0,0,0,0.770324747385499,0.769901184094753,6.162597979084,6.15920947275802,99,96,-3
"Pastinachus_gracilicaudus",0,0,0,0.77032474737814,0.769901184088157,6.16259797902512,6.15920947270526,100,97,-3
"Eusphyra_blochii",0,0,0,0.374691654098422,0.397553820207667,5.99506646557475,6.36086112332268,101,84,-17
"Urotrygon_venezuelae",0,0,0,0.731509886955128,0.741848242605135,5.85207909564103,5.93478594084108,102,106,4
"Sphyrna_lewini",0,0,0,0.365289693389063,0.391372182370464,5.844635094225,6.26195491792742,103,86,-17
"Sphyrna_corona",0,0,0,0.365289693344605,0.391372182332665,5.84463509351368,6.26195491732264,104,87,-17
"Sphyrna_tudes",0,0,0,0.365289693344605,0.391372182332665,5.84463509351368,6.26195491732264,104,87,-17
"Sphyrna_media",0,0,0,0.365289693344605,0.391372182332665,5.84463509351368,6.26195491732264,104,87,-17
"Galeorhinus_galeus",4,1,0.8,0.361256559387627,0.316441868020449,5.78010495020204,5.06306988832718,107,120,13
"Torpedo_bauchotae",0,0,0,0.718208732730685,0.75778889393781,5.74566986184548,6.06231115150248,108,98,-10
"Aetomylaeus_maculatus",0,0,0,0.700883786880597,0.717593431863325,5.60707029504478,5.7407474549066,109,113,4
"Torpedo_mackayana",0,0,0,0.699164606499851,0.745827801937491,5.59331685199881,5.96662241549993,110,105,-5
"Rhinoptera_javanica",0,0,0,0.699111257479619,0.718028564863259,5.59289005983695,5.74422851890607,111,111,0
"Rhinoptera_jayakari",0,0,0,0.699111257470426,0.718028564855495,5.59289005976341,5.74422851884396,112,112,0
"Bathyraja_griseocauda",0,0,0,0.697985786719951,0.687820902715432,5.58388629375961,5.50256722172346,113,116,3
"Aetobatus_flagellum",0,0,0,0.697488909462908,0.718846247189002,5.57991127570327,5.75076997751201,114,110,-4
"Mobula_kuhlii",0,0,0,0.695612129350468,0.715658771611344,5.56489703480374,5.72527017289075,115,114,-1
"Dasyatis_hypostigma",0,0,0,0.69215468836724,0.713785546171731,5.53723750693792,5.71028436937384,116,115,-1
"Glyphis_gangeticus",0,0,0,0.329340752121046,0.362659650937364,5.26945203393674,5.80255441499782,117,109,-8
"Isurus_paucus",0,0,0,0.64032239137919,0.585734958594977,5.12257913103352,4.68587966875982,118,127,9
"Hemitriakis_japanica",0,0,0,0.600004056582596,0.555507584630861,4.80003245266077,4.44406067704689,119,129,10
"Hemitriakis_indroyonoi",0,0,0,0.600004056576725,0.555507584625149,4.8000324526138,4.4440606770012,120,130,10
"Triakis_scyllium",0,0,0,0.600004050646714,0.55550757885631,4.80003240517371,4.44406063085048,121,131,10
"Triakis_acutipinna",0,0,0,0.6000040506291,0.555507578839175,4.8000324050328,4.4440606307134,122,132,10
"Squalus_mitsukurii",0,0,0,0.594498500502663,0.598465778230419,4.7559880040213,4.78772622584335,123,121,-2
"Squalus_chloroculus",0,0,0,0.594498500500286,0.598465778228328,4.75598800400229,4.78772622582662,124,122,-2
"Squalus_japonicus",0,0,0,0.594498500499097,0.598465778227282,4.75598800399278,4.78772622581826,125,123,-2
"Squalus_formosus",0,0,0,0.594498494556956,0.598465772999234,4.75598795645565,4.78772618399388,126,124,-2
"Squalus_brevirostris",0,0,0,0.594498494556362,0.598465772998712,4.7559879564509,4.78772618398969,127,125,-2
"Torpedo_panthera",0,0,0,0.582101754428234,0.675230657549887,4.65681403542587,5.4018452603991,128,117,-11
"Hemipristis_elongata",0,0,0,0.573147474187574,0.543287247012216,4.58517979350059,4.34629797609773,129,136,7
"Paragaleus_tengi",0,0,0,0.573147474150273,0.54328724697712,4.58517979320218,4.34629797581696,130,137,7
"Paragaleus_pectoralis",0,0,0,0.573147474150273,0.54328724697712,4.58517979320218,4.34629797581696,130,137,7
"Mustelus_mustelus",0,0,0,0.552553159963873,0.516991140667888,4.42042527971099,4.1359291253431,132,140,8
"Mustelus_griseus",0,0,0,0.552553159957391,0.516991140661742,4.42042527965913,4.13592912529394,133,141,8
"Mustelus_minicanis",0,0,0,0.552553159944428,0.516991140649452,4.42042527955542,4.13592912519561,134,142,8
"Isogomphodon_oxyrhynchus",0,0,0,0.268191753954826,0.318319030744469,4.29106806327721,5.09310449191151,135,118,-17
"Carcharhinus_porosus",0,0,0,0.268191753944685,0.318319030736087,4.29106806311496,5.09310449177739,136,119,-17
"Leucoraja_melitensis",0,0,0,0.266675014190639,0.26395823886636,4.26680022705022,4.22333182186176,137,139,2
"Mustelus_higmani",0,0,0,0.507464355458979,0.478321561523673,4.05971484367183,3.82657249218938,138,145,7
"Cetorhinus_maximus",2,1,0.667,0.504196922839117,0.477190276267717,4.03357538271294,3.81752221014174,139,146,7
"Aetobatus_narinari",1,1,0.5,0.497260138222807,0.59563310727964,3.97808110578246,4.76506485823712,140,126,-14
"Platyrhina_tangi",0,0,0,0.993378149635267,0.967114083560789,3.97351259854107,3.86845633424316,141,143,2
"Platyrhina_hyugaensis",0,0,0,0.993378149627172,0.967114083550015,3.97351259850869,3.86845633420006,142,144,2
"Zapteryx_exasperata",0,0,0,0.976326303651716,0.948520869795831,3.90530521460687,3.79408347918332,143,148,5
"Zapteryx_xyster",0,0,0,0.976326303643485,0.948520869785537,3.90530521457394,3.79408347914215,144,149,5
"Aptychotrema_timorensis",0,0,0,0.97632630364153,0.948520869783092,3.90530521456612,3.79408347913237,145,150,5
"Zanobatus_schoenleinii",0,0,0,0.961621349164516,0.933650318961668,3.84648539665806,3.73460127584667,146,151,5
"Mobula_hypostoma",1,1,0.5,0.480356604062873,0.58238734224662,3.84285283250298,4.65909873797296,147,128,-19
"Cirrhoscyllium_formosanum",0,0,0,0.95828673880339,0.911637543067194,3.83314695521356,3.64655017226878,148,156,8
"Narcine_leoparda",0,0,0,0.945167826555503,0.916727129747074,3.78067130622201,3.6669085189883,149,152,3
"Narcine_brevilabiata",0,0,0,0.945167826544065,0.916727129733916,3.78067130617626,3.66690851893567,150,153,3
"Narcine_lingula",0,0,0,0.945167826541205,0.916727129730627,3.78067130616482,3.66690851892251,151,154,3
"Narcine_maculata",0,0,0,0.945167826535485,0.916727129724048,3.78067130614194,3.66690851889619,152,155,3
"Narcine_timlei",0,0,0,0.937435453929728,0.908525095466058,3.74974181571891,3.63410038186423,153,161,8
"Narcine_entemedor",0,0,0,0.93743545392803,0.90852509546413,3.74974181571212,3.63410038185652,154,162,8
"Benthobatis_kreffti",0,0,0,0.933196565510226,0.909352962993161,3.7327862620409,3.63741185197264,155,159,4
"Benthobatis_yangi",0,0,0,0.933196565508642,0.909352962991433,3.73278626203457,3.63741185196573,156,160,4
"Notorynchus_cepedianus",0,0,0,0.929677918877267,0.886159045439295,3.71871167550907,3.54463618175718,157,166,9
"Isurus_oxyrinchus",1,1,0.5,0.462266540043621,0.477058281056635,3.69813232034897,3.81646624845308,158,147,-11
"Diplobatis_guamachensis",0,0,0,0.923717683841858,0.901649304696693,3.69487073536743,3.60659721878677,159,164,5
"Diplobatis_colombiensis",0,0,0,0.923717683841858,0.901649304696693,3.69487073536743,3.60659721878677,159,164,5
"Rhincodon_typus",5,1,0.833,0.451805266013242,0.394094959489786,3.61444212810594,3.15275967591829,161,195,34
"Brachaelurus_colcloughi",0,0,0,0.901553946322257,0.840635357082632,3.60621578528903,3.36254142833053,162,170,8
"Chimaera_phantasma",0,0,0,0.897569291788549,0.910617559118564,3.5902771671542,3.64247023647426,163,157,-6
"Hydrolagus_matallanasi",0,0,0,0.89756929178038,0.91061755911171,3.59027716712152,3.64247023644684,164,158,-6
"Beringraja_pulchra",0,0,0,0.448250568483005,0.405107808006654,3.58600454786404,3.24086246405323,165,182,17
"Dipturus_trachydermus",0,0,0,0.448250560684034,0.405107800625248,3.58600448547227,3.24086240500199,166,183,17
"Dipturus_nidarosiensis",0,0,0,0.448250560661344,0.405107800603774,3.58600448529076,3.24086240483019,167,184,17
"Zearaja_maugeana",0,0,0,0.448250560661344,0.405107800603773,3.58600448529076,3.24086240483019,168,185,17
"Zearaja_chilensis",0,0,0,0.448250560661344,0.405107800603773,3.58600448529076,3.24086240483019,168,185,17
"Dipturus_canutus",0,0,0,0.448250560649608,0.405107800592666,3.58600448519687,3.24086240474133,170,187,17
"Acroteriobatus_annulatus",0,0,0,0.891967058932165,0.864408810254106,3.56786823572866,3.45763524101642,171,167,-4
"Deania_quadrispinosa",0,0,0,0.88651673153815,0.849256558541896,3.5460669261526,3.39702623416758,172,168,-4
"Centrophorus_moluccensis",0,0,0,0.886516729342674,0.849256556125528,3.5460669173707,3.39702622450211,173,169,-4
"Scymnodon_ringens",0,0,0,0.866121186142452,0.830180740454067,3.46448474456981,3.32072296181627,174,171,-3
"Centroscymnus_owstonii",0,0,0,0.866121186140005,0.830180740451448,3.46448474456002,3.32072296180579,175,172,-3
"Oxynotus_paradoxus",0,0,0,0.866121186132664,0.83018074044359,3.46448474453066,3.32072296177436,176,173,-3
"Oxynotus_japonicus",0,0,0,0.86612118612777,0.830180740438352,3.46448474451108,3.32072296175341,177,174,-3
"Rostroraja_alba",0,0,0,0.430541088800433,0.387673191817351,3.44432871040347,3.10138553453881,178,199,21
"Schroederichthys_saurisqualus",0,0,0,0.860617754168995,0.800965582436069,3.44247101667598,3.20386232974428,179,191,12
"Dalatias_licha",0,0,0,0.838900582404248,0.803989040288694,3.35560232961699,3.21595616115478,180,190,10
"Urolophus_bucculentus",0,0,0,0.835803257163426,0.822618687868039,3.3432130286537,3.29047475147215,181,178,-3
"Urolophus_aurantiacus",0,0,0,0.83580325435468,0.822618685190814,3.34321301741872,3.29047474076326,182,179,-3
"Urolophus_sufflavus",0,0,0,0.835803254339644,0.822618685176481,3.34321301735857,3.29047474070592,183,180,-3
"Urolophus_viridis",0,0,0,0.835803254334821,0.822618685171884,3.34321301733928,3.29047474068754,184,181,-3
"Carcharhinus_borneensis",0,0,0,0.207748921872565,0.274638867545369,3.32398274996104,4.39422188072591,185,134,-51
"Carcharhinus_hemiodon",0,0,0,0.207748910903641,0.274638858630472,3.32398257445825,4.39422173808754,186,135,-51
"Etmopterus_spinax",0,0,0,0.825490487146973,0.790567493737244,3.30196194858789,3.16226997494898,187,193,6
"Narke_dipterygia",0,0,0,0.817945002445436,0.82857999962369,3.27178000978174,3.31431999849476,188,175,-13
"Temera_hardwickii",0,0,0,0.817945002445129,0.828579999623427,3.27178000978052,3.31431999849371,189,176,-13
"Narke_japonica",0,0,0,0.817945002445129,0.828579999623427,3.27178000978052,3.31431999849371,189,176,-13
"Gymnura_poecilura",0,0,0,0.814623096457874,0.806166696391368,3.2584923858315,3.22466678556547,191,188,-3
"Gymnura_japonica",0,0,0,0.814623096433619,0.80616669636883,3.25849238573447,3.22466678547532,192,189,-3
"Raja_radula",0,0,0,0.404891932472482,0.367807184114146,3.23913545977986,2.94245747291317,193,223,30
"Halaelurus_boesemani",0,0,0,0.808113735300947,0.749506106235937,3.23245494120379,2.99802442494375,194,213,19
"Halaelurus_natalensis",0,0,0,0.8081137352754,0.749506106207718,3.2324549411016,2.99802442483087,195,214,19
"Haploblepharus_kistnasamyi",0,0,0,0.808113732104338,0.749506102704954,3.23245492841735,2.99802441081982,196,215,19
"Haploblepharus_fuscus",0,0,0,0.808113732104338,0.749506102704954,3.23245492841735,2.99802441081982,197,216,19
"Galeus_polli",0,0,0,0.808113732099228,0.74950610269931,3.23245492839691,2.99802441079724,198,217,19
"Bythaelurus_canescens",0,0,0,0.808113732094726,0.749506102694336,3.2324549283789,2.99802441077735,199,218,19
"Galeus_mincaronei",0,0,0,0.808113732091564,0.749506102690844,3.23245492836626,2.99802441076338,200,219,19
"Proscyllium_habereri",0,0,0,0.80811373205963,0.74950610265557,3.23245492823852,2.99802441062228,201,220,19
"Squatina_albipunctata",0,0,0,0.804833674475485,0.798741755528127,3.21933469790194,3.19496702211251,202,192,-10
"Alopias_vulpinus",0,0,0,0.802701251910944,0.735571113696315,3.21080500764378,2.94228445478526,203,224,21
"Alopias_superciliosus",0,0,0,0.802701248693566,0.735571110063543,3.21080499477426,2.94228444025417,204,225,21
"Mustelus_manazo",0,0,0,0.401213218595845,0.391877355835543,3.20970574876676,3.13501884668435,205,197,-8
"Rioraja_agassizii",0,0,0,0.787444243546272,0.74730705605166,3.14977697418509,2.98922822420664,206,221,15
"Squatina_californica",0,0,0,0.782082046059627,0.783995423907137,3.12832818423851,3.13598169562855,207,196,-11
"Callorhinchus_callorynchus",0,0,0,0.779474767924769,0.775004062521488,3.11789907169907,3.10001625008595,208,200,-8
"Plesiotrygon_iwamae",0,0,0,0.772268726354043,0.771445374969806,3.08907490541617,3.08578149987922,209,201,-8
"Heliotrygon_gomesi",0,0,0,0.772268722723507,0.771445371711019,3.08907489089403,3.08578148684408,210,202,-8
"Heliotrygon_rosai",0,0,0,0.772268722723507,0.771445371711019,3.08907489089403,3.08578148684408,210,202,-8
"Potamotrygon_tatianae",0,0,0,0.772268722714005,0.77144537170249,3.08907489085602,3.08578148680996,212,204,-8
"Potamotrygon_henlei",0,0,0,0.772268722714005,0.77144537170249,3.08907489085602,3.08578148680996,212,204,-8
"Potamotrygon_signata",0,0,0,0.772268722714005,0.77144537170249,3.08907489085602,3.08578148680996,212,204,-8
"Potamotrygon_boesemani",0,0,0,0.772268722714005,0.77144537170249,3.08907489085602,3.08578148680996,212,207,-5
"Potamotrygon_leopoldi",0,0,0,0.772268722710351,0.77144537169921,3.0890748908414,3.08578148679684,216,208,-8
"Potamotrygon_brachyura",0,0,0,0.772268722699387,0.771445371689368,3.08907489079755,3.08578148675747,217,209,-8
"Potamotrygon_schroederi",0,0,0,0.772268722684768,0.771445371676246,3.08907489073907,3.08578148670499,218,210,-8
"Urotrygon_simulatrix",0,0,0,0.731509886968083,0.741848242616338,2.92603954787233,2.96739297046535,219,222,3
"Sphyrna_tiburo",0,0,0,0.365289693335714,0.391372182325105,2.92231754668571,3.13097745860084,220,198,-22
"Torpedo_torpedo",0,0,0,0.718208728397804,0.757788890517348,2.87283491359122,3.03115556206939,221,212,-9
"Chimaera_monstrosa",0,0,0,0.717301876802291,0.788488323341001,2.86920750720916,3.153953293364,222,194,-28
"Sphyrna_mokarran",1,1,0.5,0.177942474357867,0.276644466283074,2.84707958972587,4.42631146052918,223,133,-90
"Narcine_atzi",0,0,0,0.704233215084463,0.705549019588549,2.81693286033785,2.8221960783542,224,230,6
"Rhinoptera_brasiliensis",0,0,0,0.699111257480538,0.718028564864035,2.79644502992215,2.87211425945614,225,228,3
"Rhinoptera_bonasus",0,0,0,0.699111257470426,0.718028564855495,2.79644502988171,2.87211425942198,226,229,3
"Bathyraja_irrasa",0,0,0,0.697985786718107,0.687820902713743,2.79194314687243,2.75128361085497,227,232,5
"Lamna_nasus",0,0,0,0.687691463226788,0.62267205777074,2.75076585290715,2.49068823108296,228,243,15
"Lamiopsis_temminckii",0,0,0,0.329340742735145,0.362659643027528,2.63472594188116,2.90127714422022,229,226,-3
"Lamiopsis_tephrodes",0,0,0,0.329340742735145,0.362659643027528,2.63472594188116,2.90127714422022,229,226,-3
"Centroscyllium_granulatum",0,0,0,0.636513468312277,0.629102709974259,2.54605387324911,2.51641083989704,231,242,11
"Taeniurops_meyeni",0,0,0,0.629741356625994,0.67324474078134,2.51896542650398,2.69297896312536,232,233,1
"Dasyatis_pastinaca",0,0,0,0.623314856173308,0.669195285394772,2.49325942469323,2.67678114157909,233,234,1
"Chiloscyllium_griseum",0,0,0,0.605929735393714,0.529615638105495,2.42371894157486,2.11846255242198,234,259,25
"Myliobatis_goodei",0,0,0,0.602041159420059,0.648941674041895,2.40816463768023,2.59576669616758,235,238,3
"Myliobatis_tobijei",0,0,0,0.602041159408368,0.648941674032575,2.40816463763347,2.5957666961303,236,239,3
"Myliobatis_chilensis",0,0,0,0.602041153574389,0.648941669381699,2.40816461429756,2.59576667752679,237,240,3
"Leptocharias_smithii",0,0,0,0.600848958887614,0.564621675127719,2.40339583555046,2.25848670051088,238,248,10
"Hemitriakis_complicofasciata",0,0,0,0.600004056570854,0.555507584619438,2.40001622628341,2.22203033847775,239,250,11
"Scyliorhinus_stellaris",0,0,0,0.59729868436548,0.520180438354371,2.38919473746192,2.08072175341748,240,260,20
"Squalus_montalbani",0,0,0,0.594498500500286,0.598465778228328,2.37799400200114,2.39386311291331,241,246,5
"Squalus_hemipinnis",0,0,0,0.594498494555768,0.598465772998189,2.37799397822307,2.39386309199275,242,247,5
"Somniosus_microcephalus",1,1,0.5,0.590030906397585,0.653529251755302,2.36012362559034,2.61411700702121,243,237,-6
"Hemiscyllium_michaeli",0,0,0,0.589558565686429,0.517617525402455,2.35823426274571,2.07047010160982,244,263,19
"Hemiscyllium_strahani",0,0,0,0.589558565686429,0.517617525402455,2.35823426274571,2.07047010160982,244,263,19
"Negaprion_acutidens",0,0,0,0.294165035891454,0.345488844556225,2.35332028713163,2.7639107564498,246,231,-15
"Carcharhinus_signatus",0,0,0,0.287194321346621,0.332002861350031,2.29755457077297,2.65602289080025,247,236,-11
"Hemigaleus_microstoma",0,0,0,0.573147480404453,0.543287252861529,2.29258992161781,2.17314901144612,248,255,7
"Paragaleus_leucolomatus",0,0,0,0.573147474150273,0.54328724697712,2.29258989660109,2.17314898790848,249,256,7
"Chaenogaleus_macrostoma",0,0,0,0.573147474150273,0.54328724697712,2.29258989660109,2.17314898790848,249,256,7
"Paragaleus_randalli",0,0,0,0.573147474137839,0.543287246965422,2.29258989655136,2.17314898786169,251,258,7
"Torpedo_marmorata",1,1,0.5,0.568936378881433,0.667537968597406,2.27574551552573,2.67015187438962,252,235,-17
"Mustelus_punctulatus",0,0,0,0.552553159937946,0.516991140643306,2.21021263975178,2.06796456257323,253,265,12
"Mustelus_widodoi",0,0,0,0.552553153467086,0.516991134508367,2.21021261386834,2.06796453803347,254,266,12
"Hemiscyllium_hallstromi",0,0,0,0.550387474136269,0.484411436291596,2.20154989654508,1.93764574516639,255,273,18
"Hemiscyllium_galei",0,0,0,0.550387474136269,0.484411436291596,2.20154989654508,1.93764574516639,255,273,18
"Carcharhinus_leiodon",0,0,0,0.268191764087958,0.318319039120288,2.14553411270367,2.54655231296231,257,241,-16
"Chiloscyllium_indicum",0,0,0,0.534834893059221,0.45683462731632,2.13933957223689,1.82733850926528,258,280,22
"Mobula_munkiana",0,0,0,0.532625951942478,0.613189900534054,2.13050380776991,2.45275960213622,259,244,-15
"Urobatis_tumbesensis",0,0,0,0.518726314994234,0.60805210289011,2.07490525997694,2.43220841156044,260,245,-15
"Mustelus_dorsalis",0,0,0,0.507464355466041,0.478321561530254,2.02985742186416,1.91328624612101,261,275,14
"Scylliogaleus_quecketti",0,0,0,0.507464355466041,0.478321561530254,2.02985742186416,1.91328624612101,261,275,14
"Rhizoprionodon_porosus",0,0,0,0.50502393132612,0.491839152915756,2.02009572530448,1.96735661166303,263,269,6
"Rhizoprionodon_acutus",0,0,0,0.50502393132612,0.491839152915756,2.02009572530448,1.96735661166303,263,269,6
"Rhizoprionodon_lalandii",0,0,0,0.505023924231943,0.491839146486536,2.02009569692777,1.96735658594614,265,271,6
"Rhizoprionodon_longurio",0,0,0,0.505023924231943,0.491839146486536,2.02009569692777,1.96735658594614,265,271,6
"Carcharhinus_cerdale",0,0,0,0.125295215998798,0.226238988156446,2.00472345598077,3.61982381050314,267,163,-104
"Neoharriotta_carri",0,0,0,1,1,2,2,268,267,-1
"Neoharriotta_pinnata",0,0,0,0.999999999978996,0.999999999979494,1.99999999995799,1.99999999995899,269,268,-1
"Narcine_brasiliensis",0,0,0,0.945167826553788,0.9167271297451,1.89033565310758,1.8334542594902,270,279,9
"Carcharodon_carcharias",9,1,0.9,0.462266540059694,0.376015395952049,1.84906616023878,1.5040615838082,271,317,46
"Nebrius_ferrugineus",0,0,0,0.456378602977989,0.398540861838497,1.82551441191196,1.59416344735399,272,303,31
"Aetomylaeus_nichofii",1,1,0.5,0.45409330575568,0.562505026648848,1.81637322302272,2.25002010659539,273,249,-24
"Ginglymostoma_cirratum",1,1,0.5,0.451805266014278,0.466064666651538,1.80722106405711,1.86425866660615,274,278,4
"Orectolobus_leptolineatus",0,0,0,0.901553944324029,0.840635354572213,1.80310788864806,1.68127070914443,275,287,12
"Gurgesiella_dorsalifera",0,0,0,0.449132489586306,0.405882806344751,1.79652995834522,1.62353122537901,276,294,18
"Hydrolagus_mitsukurii",0,0,0,0.897569291776295,0.910617559108283,1.79513858355259,1.82123511821657,277,281,4
"Dipturus_leptocaudus",0,0,0,0.448250560684034,0.405107800625248,1.79300224273614,1.62043120250099,278,295,17
"Dipturus_oxyrinchus",0,0,0,0.448250560657432,0.405107800600071,1.79300224262973,1.62043120240028,279,296,17
"Spiniraja_whitleyi",0,0,0,0.448250560649608,0.405107800592666,1.79300224259843,1.62043120237066,280,297,17
"Dipturus_crosnieri",0,0,0,0.448250560618312,0.405107800563046,1.79300224247325,1.62043120225218,281,298,17
"Acroteriobatus_zanzibarensis",0,0,0,0.891967056800829,0.864408808002491,1.78393411360166,1.72881761600498,282,283,1
"Rhinobatos_punctifer",0,0,0,0.891967056794486,0.86440880799579,1.78393411358897,1.72881761599158,283,284,1
"Acroteriobatus_salalah",0,0,0,0.891967056790257,0.864408807991322,1.78393411358051,1.72881761598264,284,285,1
"Deania_profundorum",0,0,0,0.88651673153815,0.849256558541896,1.7730334630763,1.69851311708379,285,286,1
"Chiloscyllium_burmensis",0,0,0,0.439592724399143,0.35953112875678,1.75837089759657,1.43812451502712,286,338,52
"Okamejei_schmidti",0,0,0,0.434243109380619,0.392893101259576,1.73697243752248,1.5715724050383,287,306,19
"Okamejei_meerdervoortii",0,0,0,0.434243109380619,0.392893101259576,1.73697243752248,1.5715724050383,287,306,19
"Centroselachus_crepidater",0,0,0,0.866121188564978,0.830180743047,1.73224237712996,1.660361486094,289,288,-1
"Oxynotus_bruniensis",0,0,0,0.866121186132664,0.83018074044359,1.73224237226533,1.66036148088718,290,289,-1
"Centroscymnus_coelolepis",0,0,0,0.866121186130217,0.830180740440971,1.73224237226043,1.66036148088194,291,290,-1
"Atelomycterus_marmoratus",0,0,0,0.860617754153888,0.80096558241838,1.72123550830778,1.60193116483676,292,302,10
"Hemiscyllium_henryi",0,0,0,0.428504667567867,0.386233909071356,1.71401867027147,1.54493563628542,293,309,16
"Hexanchus_nakamurai",0,0,0,0.853635740737835,0.810054479880544,1.70727148147567,1.62010895976109,294,299,5
"Hexanchus_griseus",0,0,0,0.853635740737053,0.81005447987969,1.70727148147411,1.62010895975938,295,300,5
"Trygonoptera_testacea",0,0,0,0.83580325718896,0.822618687892377,1.67160651437792,1.64523737578475,296,291,-5
"Urolophus_kapalensis",0,0,0,0.835803254340211,0.822618685177022,1.67160650868042,1.64523737035404,297,292,-5
"Carcharhinus_dussumieri",0,0,0,0.207748921825396,0.274638867507033,1.66199137460317,2.19711094005627,298,251,-47
"Nasolamia_velox",0,0,0,0.207748921822339,0.274638867504548,1.66199137457871,2.19711094003639,299,252,-47
"Carcharhinus_acronotus",0,0,0,0.207748921822339,0.274638867504548,1.66199137457871,2.19711094003639,299,252,-47
"Carcharhinus_plumbeus",0,0,0,0.207748910884861,0.274638858615208,1.66199128707889,2.19711086892166,301,254,-47
"Okamejei_hollandi",0,0,0,0.412159214382712,0.373960276614926,1.64863685753085,1.4958411064597,302,322,20
"Squatina_africana",0,0,0,0.819445269327897,0.808392842733248,1.63889053865579,1.6167856854665,303,301,-2
"Raja_maderensis",0,0,0,0.404891932469967,0.367807184111799,1.61956772987987,1.4712287364472,304,332,28
"Halaelurus_maculosus",0,0,0,0.80811373527128,0.749506106203167,1.61622747054256,1.49901221240633,305,318,13
"Bythaelurus_hispidus",0,0,0,0.808113732107531,0.749506102708482,1.61622746421506,1.49901220541696,306,319,13
"Proscyllium_magnificum",0,0,0,0.808113732075597,0.749506102673207,1.61622746415119,1.49901220534641,307,320,13
"Galeus_atlanticus",0,0,0,0.808113728905813,0.749506099171854,1.61622745781163,1.49901219834371,308,321,13
"Gymnura_crebripunctata",0,0,0,0.800447836928717,0.795770686698641,1.60089567385743,1.59154137339728,309,304,-5
"Gymnura_marmorata",0,0,0,0.800447836899088,0.795770686671582,1.60089567379818,1.59154137334316,310,305,-5
"Okamejei_acutispina",0,0,0,0.399530820373433,0.363290495013048,1.59812328149373,1.45316198005219,311,333,22
"Okamejei_cairae",0,0,0,0.399530811922517,0.363290487137117,1.59812324769007,1.45316194854847,312,334,22
"Myliobatis_longirostris",0,0,0,0.396860717265438,0.518545647283356,1.58744286906175,2.07418258913343,313,261,-52
"Myliobatis_peruvianus",0,0,0,0.396860708781861,0.518545641156698,1.58744283512744,2.07418256462679,314,262,-52
"Sympterygia_bonapartii",0,0,0,0.780695489715047,0.742570200751138,1.56139097943009,1.48514040150228,315,323,8
"Sympterygia_brevicaudata",0,0,0,0.780695489682067,0.742570200717606,1.56139097936413,1.48514040143521,316,324,8
"Plesiotrygon_nana",0,0,0,0.772268726354043,0.771445374969806,1.54453745270809,1.54289074993961,317,310,-7
"Potamotrygon_magdalenae",0,0,0,0.772268722714005,0.77144537170249,1.54453744542801,1.54289074340498,318,311,-7
"Potamotrygon_marinae",0,0,0,0.772268722711812,0.771445371700522,1.54453744542362,1.54289074340104,319,312,-7
"Potamotrygon_humerosa",0,0,0,0.772268722710351,0.77144537169921,1.5445374454207,1.54289074339842,320,313,-7
"Potamotrygon_scobina",0,0,0,0.772268722684768,0.771445371676246,1.54453744536954,1.54289074335249,321,314,-7
"Pastinachus_sephen",0,0,0,0.77032474737814,0.769901184088157,1.54064949475628,1.53980236817631,322,316,-6
"Urotrygon_cimar",0,0,0,0.731509886968083,0.741848242616338,1.46301977393617,1.48369648523268,323,325,2
"Urotrygon_aspidura",0,0,0,0.731509886963904,0.741848242612724,1.46301977392781,1.48369648522545,324,326,2
"Urotrygon_chilensis",0,0,0,0.731509886963486,0.741848242612362,1.46301977392697,1.48369648522472,325,327,2
"Urotrygon_munda",0,0,0,0.731509886960143,0.741848242609471,1.46301977392029,1.48369648521894,326,328,2
"Urotrygon_nana",0,0,0,0.731509886955128,0.741848242605135,1.46301977391026,1.48369648521027,327,329,2
"Urotrygon_rogersi",0,0,0,0.731509886943009,0.741848242594656,1.46301977388602,1.48369648518931,328,330,2
"Sphyrna_zygaena",0,0,0,0.365289693317931,0.391372182309986,1.46115877327172,1.56548872923994,329,308,-21
"Dasyatis_marmorata",0,0,0,0.729112974809911,0.739254429820617,1.45822594961982,1.47850885964123,330,331,1
"Heteronarce_garmani",0,0,0,0.724974403802361,0.770659357727202,1.44994880760472,1.5413187154544,331,315,-16
"Cephaloscyllium_umbratile",0,0,0,0.721423020395375,0.651945654732562,1.44284604079075,1.30389130946512,332,349,17
"Cephaloscyllium_variegatum",0,0,0,0.721423016099381,0.651945650120532,1.44284603219876,1.30389130024106,333,350,17
"Cephaloscyllium_sufflans",0,0,0,0.721423016096365,0.651945650117294,1.44284603219273,1.30389130023459,334,351,17
"Neotrygon_annotata",0,0,0,0.709891782315672,0.725828320971771,1.41978356463134,1.45165664194354,335,335,0
"Rhinoptera_steindachneri",0,0,0,0.699111257470426,0.718028564855495,1.39822251494085,1.43605712971099,336,339,3
"Bathyraja_brachyurops",0,0,0,0.697985791351663,0.687820906956834,1.39597158270333,1.37564181391367,337,341,4
"Bathyraja_trachouros",0,0,0,0.697985791320772,0.687820906928547,1.39597158264154,1.37564181385709,338,342,4
"Bathyraja_smirnovi",0,0,0,0.697985786718107,0.687820902713743,1.39597157343621,1.37564180542749,339,343,4
"Aculeola_nigra",0,0,0,0.690868638816945,0.673102367444866,1.38173727763389,1.34620473488973,340,344,4
"Heptranchias_perlo",3,1,0.75,0.68906827489731,0.660076165749339,1.37813654979462,1.32015233149868,341,348,7
"Squalus_acanthias",1,1,0.5,0.337516333411809,0.40836116105802,1.35006533364724,1.63344464423208,342,293,-49
"Bathyraja_spinicauda",0,0,0,0.673363944321616,0.672332870266205,1.34672788864323,1.34466574053241,343,345,2
"Rhynchobatus_palpebratus",0,0,0,0.670003489688858,0.711822850313773,1.34000697937772,1.42364570062755,344,340,-4
"Glyphis_garricki",0,0,0,0.329340742744499,0.362659643035411,1.317362970978,1.45063857214164,345,336,-9
"Glyphis_glyphis",0,0,0,0.329340742744499,0.362659643035411,1.317362970978,1.45063857214164,345,336,-9
"Scyliorhinus_capensis",0,0,0,0.656909975293049,0.578722700130652,1.3138199505861,1.1574454002613,347,363,16
"Myliobatis_freminvillei",1,1,0.5,0.323860966849794,0.475316719890077,1.29544386739918,1.90126687956031,348,277,-71
"Centroscyllium_excelsum",0,0,0,0.636513468312277,0.629102709974259,1.27302693662455,1.25820541994852,349,357,8
"Dasyatis_chrysonota",0,0,0,0.623314856173308,0.669195285394772,1.24662971234662,1.33839057078954,350,346,-4
"Somniosus_pacificus",0,0,0,0.611419446540185,0.6660483869558,1.22283889308037,1.3320967739116,351,347,-4
"Okamejei_boesemani",0,0,0,0.30492707514448,0.286126465816484,1.21970830057792,1.14450586326594,352,365,13
"Chiloscyllium_arabicum",0,0,0,0.605929735391975,0.529615638103694,1.21185947078395,1.05923127620739,353,374,21
"Myliobatis_hamlyni",0,0,0,0.602041153588417,0.648941669392882,1.20408230717683,1.29788333878576,354,352,-2
"Squalus_grahami",0,0,0,0.594498500499097,0.598465778227282,1.1889970009982,1.19693155645456,355,358,3
"Squalus_nasutus",0,0,0,0.594498500498503,0.598465778226759,1.18899700099701,1.19693155645352,356,359,3
"Squalus_edmundsi",0,0,0,0.594498494555768,0.598465772998189,1.18899698911154,1.19693154599638,357,360,3
"Squalus_rancureli",0,0,0,0.594498494555768,0.598465772998189,1.18899698911154,1.19693154599638,357,360,3
"Mustelus_norrisi",0,0,0,0.552553159957391,0.516991140661742,1.10510631991478,1.03398228132348,359,376,17
"Mustelus_lunulatus",0,0,0,0.552553159948965,0.516991140653754,1.10510631989793,1.03398228130751,360,377,17
"Mustelus_canis",0,0,0,0.552553159944428,0.516991140649452,1.10510631988886,1.0339822812989,361,378,17
"Mustelus_mosis",0,0,0,0.552553153460604,0.516991134502222,1.10510630692121,1.03398226900444,362,379,17
"Hemiscyllium_freycineti",0,0,0,0.55038747412325,0.484411436278572,1.1007749482465,0.968822872557144,363,387,24
"Gymnura_micrura",1,1,0.5,0.54679660199196,0.63577243147102,1.09359320398392,1.27154486294204,364,356,-8
"Rhinoraja_longicauda",1,1,0.5,0.543916409556345,0.594529882395495,1.08783281911269,1.18905976479099,365,362,-3
"Galeocerdo_cuvier",0,0,0,0.53838153696448,0.516863987812233,1.07676307392896,1.03372797562447,366,380,14
"Carcharhinus_limbatus",0,0,0,0.268191764095767,0.318319039126743,1.07276705638307,1.27327615650697,367,353,-14
"Carcharhinus_amblyrhynchoides",0,0,0,0.268191764095767,0.318319039126743,1.07276705638307,1.27327615650697,367,353,-14
"Carcharhinus_melanopterus",0,0,0,0.268191753944685,0.318319030736087,1.07276701577874,1.27327612294435,369,355,-14
"Leucoraja_fullonica",0,0,0,0.266675014190639,0.26395823886636,1.06670005676255,1.05583295546544,370,375,5
"Carcharhinus_longimanus",1,1,0.5,0.0663002248451106,0.191419074679841,1.06080359752177,3.06270519487745,371,211,-160
"Okamejei_kenojei",2,1,0.667,0.254351503762101,0.246402587139865,1.01740601504841,0.98561034855946,372,382,10
"Rhizoprionodon_oligolinx",0,0,0,0.505023924239036,0.491839146492965,1.01004784847807,0.98367829298593,373,383,10
"Loxodon_macrorhinus",0,0,0,0.505023924189382,0.491839146447965,1.01004784837876,0.98367829289593,374,384,10
"Scoliodon_macrorhynchos",0,0,0,0.505023924189382,0.491839146447965,1.01004784837876,0.98367829289593,374,384,10
"Scoliodon_laticaudus",0,0,0,0.505023924189382,0.491839146447965,1.01004784837876,0.98367829289593,374,384,10
"Carcharhinus_obscurus",0,0,0,0.125295215996403,0.226238988154562,1.00236172797122,1.8099119052365,377,282,-95
"Neoharriotta_pumila",0,0,0,0.999999999978996,0.999999999979494,0.999999999978996,0.999999999979494,378,381,3
"Platyrhinoidis_triseriata",0,0,0,0.993378149635267,0.967114083560789,0.993378149635267,0.967114083560789,379,388,9
"Chlamydoselachus_anguineus",0,0,0,0.986956285494832,0.951543690862463,0.986956285494832,0.951543690862463,380,391,11
"Chlamydoselachus_africana",0,0,0,0.986956285494832,0.951543690862463,0.986956285494832,0.951543690862463,380,391,11
"Hypnos_monopterygius",0,0,0,0.979514966276041,0.951996816849596,0.979514966276041,0.951996816849596,382,390,8
"Trygonorrhina_fasciata",0,0,0,0.976326303644514,0.948520869786824,0.976326303644514,0.948520869786824,383,393,10
"Aptychotrema_rostrata",0,0,0,0.97632630364153,0.948520869783092,0.97632630364153,0.948520869783092,384,394,10
"Aptychotrema_vincentiana",0,0,0,0.976326303641427,0.948520869782964,0.976326303641427,0.948520869782964,385,395,10
"Trygonorrhina_dumerilii",0,0,0,0.976326303641427,0.948520869782964,0.976326303641427,0.948520869782964,386,396,10
"Parascyllium_variolatum",0,0,0,0.958286738810187,0.911637543076368,0.958286738810187,0.911637543076368,387,399,12
"Parascyllium_collare",0,0,0,0.958286738808926,0.911637543074666,0.958286738808926,0.911637543074666,388,400,12
"Cirrhoscyllium_japonicum",0,0,0,0.958286738803882,0.911637543067858,0.958286738803882,0.911637543067858,389,401,12
"Parascyllium_ferrugineum",0,0,0,0.958286738802621,0.911637543066156,0.958286738802621,0.911637543066156,390,402,12
"Parascyllium_sparsimaculatum",0,0,0,0.958286738802621,0.911637543066156,0.958286738802621,0.911637543066156,390,402,12
"Benthobatis_marcida",0,0,0,0.933196565510226,0.909352962993161,0.933196565510226,0.909352962993161,392,410,18
"Benthobatis_moresbyi",0,0,0,0.933196565508642,0.909352962991433,0.933196565508642,0.909352962991433,393,411,18
"Diplobatis_ommata",0,0,0,0.923717683841858,0.901649304696693,0.923717683841858,0.901649304696693,394,412,18
"Malacoraja_senta",2,1,0.667,0.22730770971363,0.220726819419334,0.909230838854519,0.882907277677338,395,413,18
"Orectolobus_ornatus",0,0,0,0.90155394632823,0.840635357090137,0.90155394632823,0.840635357090137,396,422,26
"Brachaelurus_waddi",0,0,0,0.901553946322257,0.840635357082632,0.901553946322257,0.840635357082632,397,423,26
"Eucrossorhinus_dasypogon",0,0,0,0.901553946322257,0.840635357082632,0.901553946322257,0.840635357082632,397,423,26
"Orectolobus_maculatus",0,0,0,0.901553946318673,0.84063535707813,0.901553946318673,0.84063535707813,399,425,26
"Orectolobus_hutchinsi",0,0,0,0.901553946318673,0.84063535707813,0.901553946318673,0.84063535707813,399,425,26
"Orectolobus_parvimaculatus",0,0,0,0.901553946318275,0.84063535707763,0.901553946318275,0.84063535707763,401,427,26
"Orectolobus_japonicus",0,0,0,0.901553946316284,0.840635357075128,0.901553946316284,0.840635357075128,402,428,26
"Orectolobus_floridus",0,0,0,0.901553944335179,0.840635354586221,0.901553944335179,0.840635354586221,403,429,26
"Sutorectus_tentaculatus",0,0,0,0.901553944335179,0.840635354586221,0.901553944335179,0.840635354586221,403,429,26
"Orectolobus_halei",0,0,0,0.901553944325224,0.840635354573714,0.901553944325224,0.840635354573714,405,431,26
"Orectolobus_reticulatus",0,0,0,0.901553944324029,0.840635354572213,0.901553944324029,0.840635354572213,406,432,26
"Orectolobus_wardi",0,0,0,0.901553944323233,0.840635354571212,0.901553944323233,0.840635354571212,407,433,26
"Hydrolagus_marmoratus",0,0,0,0.897569291788549,0.910617559118564,0.897569291788549,0.910617559118564,408,404,-4
"Chimaera_obscura",0,0,0,0.897569291784669,0.910617559115308,0.897569291784669,0.910617559115308,409,405,-4
"Hydrolagus_mccoskeri",0,0,0,0.89756929178038,0.91061755911171,0.89756929178038,0.91061755911171,410,406,-4
"Hydrolagus_purpurescens",0,0,0,0.89756929178038,0.91061755911171,0.89756929178038,0.91061755911171,410,406,-4
"Hydrolagus_africanus",0,0,0,0.897569291776295,0.910617559108283,0.897569291776295,0.910617559108283,412,408,-4
"Chimaera_notafricana",0,0,0,0.897569291776295,0.910617559108283,0.897569291776295,0.910617559108283,412,408,-4
"Dipturus_gigas",0,0,0,0.448250560662127,0.405107800604514,0.896501121324254,0.810215601209028,414,475,61
"Dipturus_campbelli",0,0,0,0.448250560654303,0.405107800597109,0.896501121308605,0.810215601194218,415,476,61
"Dipturus_tengu",0,0,0,0.448250560653521,0.405107800596368,0.896501121307041,0.810215601192737,416,477,61
"Dipturus_macrocauda",0,0,0,0.448250560653521,0.405107800596368,0.896501121307041,0.810215601192737,416,477,61
"Dipturus_gudgeri",0,0,0,0.448250560650391,0.405107800593406,0.896501121300781,0.810215601186812,418,479,61
"Acroteriobatus_blochii",0,0,0,0.891967056838888,0.864408808042699,0.891967056838888,0.864408808042699,419,415,-4
"Rhinobatos_sainsburyi",0,0,0,0.891967056807172,0.864408808009192,0.891967056807172,0.864408808009192,420,416,-4
"Centrophorus_seychellorum",0,0,0,0.886516729344858,0.849256556127932,0.886516729344858,0.849256556127932,421,421,0
"Discopyge_tschudii",0,0,0,0.883593896731048,0.872503070319862,0.883593896731048,0.872503070319862,422,414,-8
"Heterodontus_quoyi",0,0,0,0.870353733902738,0.834245247562116,0.870353733902738,0.834245247562116,423,437,14
"Heterodontus_mexicanus",0,0,0,0.870353733902738,0.834245247562116,0.870353733902738,0.834245247562116,423,437,14
"Heterodontus_zebra",0,0,0,0.870353733900346,0.834245247559542,0.870353733900346,0.834245247559542,425,439,14
"Heterodontus_galeatus",0,0,0,0.870353733900346,0.834245247559542,0.870353733900346,0.834245247559542,425,439,14
"Heterodontus_portusjacksoni",0,0,0,0.870353733900346,0.834245247559542,0.870353733900346,0.834245247559542,425,439,14
"Hexatrygon_bickelli",0,0,0,0.869758458234777,0.851030582277167,0.869758458234777,0.851030582277167,428,420,-8
"Scymnodalatias_oligodon",0,0,0,0.866121188564244,0.830180743046215,0.866121188564244,0.830180743046215,429,442,13
"Zameus_squamulosus",0,0,0,0.866121188560084,0.830180743041762,0.866121188560084,0.830180743041762,430,443,13
"Oxynotus_caribbaeus",0,0,0,0.866121186117982,0.830180740427875,0.866121186117982,0.830180740427875,431,444,13
"Schroederichthys_maculatus",0,0,0,0.860617754168995,0.800965582436069,0.860617754168995,0.800965582436069,432,492,60
"Schroederichthys_bivius",0,0,0,0.860617754168995,0.800965582436069,0.860617754168995,0.800965582436069,432,492,60
"Schroederichthys_tenuis",0,0,0,0.860617754168995,0.800965582436069,0.860617754168995,0.800965582436069,432,492,60
"Schroederichthys_chilensis",0,0,0,0.860617754168995,0.800965582436069,0.860617754168995,0.800965582436069,432,492,60
"Aulohalaelurus_labiosus",0,0,0,0.860617754166477,0.800965582433121,0.860617754166477,0.800965582433121,436,496,60
"Atelomycterus_macleayi",0,0,0,0.860617754153888,0.80096558241838,0.860617754153888,0.80096558241838,437,497,60
"Atelomycterus_fasciatus",0,0,0,0.86061775415137,0.800965582415432,0.86061775415137,0.800965582415432,438,498,60
"Atelomycterus_baliensis",0,0,0,0.860617754143816,0.800965582406588,0.860617754143816,0.800965582406588,439,499,60
"Raja_undulata",0,0,0,0.42724309874113,0.386851398648774,0.854486197482259,0.773702797297547,440,548,108
"Hexanchus_vitulus",0,0,0,0.853635740737835,0.810054479880544,0.853635740737835,0.810054479880544,441,480,39
"Pliotrema_warreni",0,0,0,0.847946796992685,0.824968367456733,0.847946796992685,0.824968367456733,442,453,11
"Heterodontus_japonicus",0,0,0,0.844317147200266,0.811668631448905,0.844317147200266,0.811668631448905,443,474,31
"Leucoraja_circularis",0,0,0,0.210288902342387,0.229750277765474,0.841155609369547,0.919001111061896,444,397,-47
"Leucoraja_wallacei",0,0,0,0.210288902342387,0.229750277765474,0.841155609369547,0.919001111061896,444,397,-47
"Euprotomicrus_bispinatus",0,0,0,0.838900585229482,0.803989043231856,0.838900585229482,0.803989043231856,446,484,38
"Squaliolus_aliae",0,0,0,0.838900585229482,0.803989043231856,0.838900585229482,0.803989043231856,446,484,38
"Squaliolus_laticaudus",0,0,0,0.838900582404248,0.803989040288694,0.838900582404248,0.803989040288694,448,486,38
"Mollisquama_parini",0,0,0,0.838900582401451,0.80398904028578,0.838900582401451,0.80398904028578,449,487,38
"Euprotomicroides_zantedeschia",0,0,0,0.838900582401451,0.80398904028578,0.838900582401451,0.80398904028578,450,488,38
"Heteroscymnoides_marleyi",0,0,0,0.838900582401451,0.80398904028578,0.838900582401451,0.80398904028578,450,488,38
"Isistius_brasiliensis",0,0,0,0.838900582398654,0.803989040282866,0.838900582398654,0.803989040282866,452,490,38
"Isistius_plutodus",0,0,0,0.838900582398654,0.803989040282866,0.838900582398654,0.803989040282866,452,490,38
"Amblyraja_frerichsi",0,0,0,0.209519118676966,0.181291865337601,0.838076474707865,0.725167461350405,454,680,226
"Urolophus_mitosis",0,0,0,0.835803257181016,0.822618687884805,0.835803257181016,0.822618687884805,455,454,-1
"Urolophus_deforgesi",0,0,0,0.835803257180732,0.822618687884535,0.835803257180732,0.822618687884535,456,455,-1
"Urolophus_gigas",0,0,0,0.835803257180449,0.822618687884264,0.835803257180449,0.822618687884264,457,456,-1
"Urolophus_neocaledoniensis",0,0,0,0.835803257177895,0.82261868788183,0.835803257177895,0.82261868788183,458,457,-1
"Urolophus_piperatus",0,0,0,0.835803257177895,0.82261868788183,0.835803257177895,0.82261868788183,458,457,-1
"Trygonoptera_imitata",0,0,0,0.835803257177612,0.82261868788156,0.835803257177612,0.82261868788156,460,459,-1
"Trygonoptera_mucosa",0,0,0,0.835803257177612,0.82261868788156,0.835803257177612,0.82261868788156,460,459,-1
"Urolophus_papilio",0,0,0,0.835803257176477,0.822618687880478,0.835803257176477,0.822618687880478,462,461,-1
"Urolophus_circularis",0,0,0,0.835803257163426,0.822618687868039,0.835803257163426,0.822618687868039,463,462,-1
"Urolophus_flavomosaicus",0,0,0,0.835803257163426,0.822618687868039,0.835803257163426,0.822618687868039,463,462,-1
"Trygonoptera_personata",0,0,0,0.835803254357518,0.822618685193518,0.835803254357518,0.822618685193518,465,464,-1
"Trygonoptera_galba",0,0,0,0.835803254357518,0.822618685193518,0.835803254357518,0.822618685193518,465,464,-1
"Trygonoptera_ovalis",0,0,0,0.835803254349006,0.822618685185405,0.835803254349006,0.822618685185405,467,466,-1
"Plesiobatis_daviesi",0,0,0,0.835803254346169,0.822618685182701,0.835803254346169,0.822618685182701,468,467,-1
"Urolophus_paucimaculatus",0,0,0,0.835803254343616,0.822618685180267,0.835803254343616,0.822618685180267,469,468,-1
"Urolophus_westraliensis",0,0,0,0.835803254343332,0.822618685179997,0.835803254343332,0.822618685179997,470,469,-1
"Urolophus_lobatus",0,0,0,0.835803254340211,0.822618685177022,0.835803254340211,0.822618685177022,471,470,-1
"Urolophus_cruciatus",0,0,0,0.83580325433936,0.822618685176211,0.83580325433936,0.822618685176211,472,471,-1
"Urolophus_expansus",0,0,0,0.83580325433482,0.822618685171884,0.83580325433482,0.822618685171884,473,472,-1
"Mitsukurina_owstoni",0,0,0,0.835128259926544,0.769136611727949,0.835128259926544,0.769136611727949,474,552,78
"Sinobatis_melanosoma",0,0,0,0.831344668496681,0.780095743410014,0.831344668496681,0.780095743410014,475,545,70
"Sinobatis_bulbicauda",0,0,0,0.831344668493902,0.780095743406959,0.831344668493902,0.780095743406959,476,546,70
"Sinobatis_borneensis",0,0,0,0.831344668485103,0.780095743397282,0.831344668485103,0.780095743397282,477,547,70
"Carcharhinus_leucas",0,0,0,0.207748921887851,0.274638867557793,0.830995687551404,1.09855547023117,478,366,-112
"Carcharhinus_sealei",0,0,0,0.207748921836315,0.274638867515907,0.830995687345259,1.09855547006363,479,367,-112
"Carcharhinus_brevipinna",0,0,0,0.207748921833257,0.274638867513422,0.830995687333029,1.09855547005369,480,368,-112
"Carcharhinus_brachyurus",0,0,0,0.207748921831074,0.274638867511648,0.830995687324295,1.09855547004659,481,369,-112
"Triaenodon_obesus",0,0,0,0.207748921822339,0.274638867504548,0.830995687289355,1.09855547001819,482,370,-112
"Carcharhinus_tjutjot",0,0,0,0.207748910917616,0.27463885864183,0.830995643670466,1.09855543456732,483,371,-112
"Carcharhinus_amboinensis",0,0,0,0.207748910912376,0.274638858637571,0.830995643649502,1.09855543455028,484,372,-112
"Etmopterus_fusus",0,0,0,0.825490490128818,0.790567496814796,0.825490490128818,0.790567496814796,485,507,22
"Etmopterus_litvinovi",0,0,0,0.825490490128818,0.790567496814796,0.825490490128818,0.790567496814796,485,507,22
"Etmopterus_splendidus",0,0,0,0.825490490125848,0.790567496811731,0.825490490125848,0.790567496811731,487,509,22
"Etmopterus_caudistigmus",0,0,0,0.825490490125848,0.790567496811731,0.825490490125848,0.790567496811731,487,509,22
"Trigonognathus_kabeyai",0,0,0,0.825490490119909,0.7905674968056,0.825490490119909,0.7905674968056,489,511,22
"Etmopterus_pseudosqualiolus",0,0,0,0.825490490119909,0.7905674968056,0.825490490119909,0.7905674968056,489,511,22
"Etmopterus_pusillus",0,0,0,0.825490490119909,0.7905674968056,0.825490490119909,0.7905674968056,489,511,22
"Etmopterus_bigelowi",0,0,0,0.825490490119909,0.7905674968056,0.825490490119909,0.7905674968056,489,511,22
"Etmopterus_evansi",0,0,0,0.82549049011783,0.790567496803455,0.82549049011783,0.790567496803455,493,515,22
"Etmopterus_granulosus",0,0,0,0.82549049011783,0.790567496803455,0.82549049011783,0.790567496803455,493,515,22
"Etmopterus_joungi",0,0,0,0.825490490116939,0.790567496802535,0.825490490116939,0.790567496802535,495,517,22
"Etmopterus_hillianus",0,0,0,0.825490490116939,0.790567496802535,0.825490490116939,0.790567496802535,496,518,22
"Etmopterus_compagnoi",0,0,0,0.825490490112187,0.790567496797631,0.825490490112187,0.790567496797631,497,519,22
"Etmopterus_bullisi",0,0,0,0.825490490112187,0.790567496797631,0.825490490112187,0.790567496797631,497,519,22
"Etmopterus_robinsi",0,0,0,0.825490490110999,0.790567496796405,0.825490490110999,0.790567496796405,499,521,22
"Etmopterus_burgessi",0,0,0,0.825490490109217,0.790567496794566,0.825490490109217,0.790567496794566,500,522,22
"Etmopterus_perryi",0,0,0,0.825490490107436,0.790567496792727,0.825490490107436,0.790567496792727,501,523,22
"Etmopterus_pycnolepis",0,0,0,0.825490490107436,0.790567496792727,0.825490490107436,0.790567496792727,501,523,22
"Etmopterus_brachyurus",0,0,0,0.825490490104466,0.790567496789662,0.825490490104466,0.790567496789662,503,525,22
"Etmopterus_sculptus",0,0,0,0.825490490104466,0.790567496789662,0.825490490104466,0.790567496789662,503,525,22
"Etmopterus_sheikoi",0,0,0,0.82549049010209,0.79056749678721,0.82549049010209,0.79056749678721,505,527,22
"Etmopterus_villosus",0,0,0,0.825490490101496,0.790567496786597,0.825490490101496,0.790567496786597,506,528,22
"Etmopterus_viator",0,0,0,0.825490490101496,0.790567496786597,0.825490490101496,0.790567496786597,506,528,22
"Etmopterus_carteri",0,0,0,0.825490490101496,0.790567496786597,0.825490490101496,0.790567496786597,506,528,22
"Etmopterus_decacuspidatus",0,0,0,0.825490490091399,0.790567496776175,0.825490490091399,0.790567496776175,509,531,22
"Etmopterus_lucifer",0,0,0,0.825490490091399,0.790567496776175,0.825490490091399,0.790567496776175,509,531,22
"Etmopterus_sentosus",0,0,0,0.825490487150091,0.790567493740463,0.825490487150091,0.790567493740463,511,533,22
"Etmopterus_dianthus",0,0,0,0.825490487147121,0.790567493737397,0.825490487147121,0.790567493737397,512,534,22
"Etmopterus_princeps",0,0,0,0.825490487146973,0.790567493737244,0.825490487146973,0.790567493737244,513,535,22
"Etmopterus_schultzi",0,0,0,0.825490487141182,0.790567493731267,0.825490487141182,0.790567493731267,514,536,22
"Etmopterus_gracilispinis",0,0,0,0.825490487141182,0.790567493731267,0.825490487141182,0.790567493731267,514,536,22
"Etmopterus_dislineatus",0,0,0,0.825490487137618,0.790567493727589,0.825490487137618,0.790567493727589,516,538,22
"Etmopterus_virens",0,0,0,0.825490484168394,0.790567490663064,0.825490484168394,0.790567490663064,517,539,22
"Etmopterus_polli",0,0,0,0.825490484168394,0.790567490663064,0.825490484168394,0.790567490663064,517,539,22
"Narke_capensis",0,0,0,0.817945002445436,0.82857999962369,0.817945002445436,0.82857999962369,519,452,-67
"Cruriraja_cadenati",0,0,0,0.816745937171793,0.768691983327067,0.816745937171793,0.768691983327067,520,553,33
"Cruriraja_poeyi",0,0,0,0.816745937171793,0.768691983327067,0.816745937171793,0.768691983327067,520,553,33
"Cruriraja_hulleyi",0,0,0,0.81674593716871,0.768691983323756,0.81674593716871,0.768691983323756,522,555,33
"Cruriraja_atlantis",0,0,0,0.816745937165628,0.768691983320444,0.816745937165628,0.768691983320444,523,556,33
"Cruriraja_rugosa",0,0,0,0.816745937165628,0.768691983320444,0.816745937165628,0.768691983320444,523,556,33
"Pristiophorus_delicatus",0,0,0,0.816071254879002,0.796199174016361,0.816071254879002,0.796199174016361,525,503,-22
"Pristiophorus_nudipinnis",0,0,0,0.816071254879002,0.796199174016361,0.816071254879002,0.796199174016361,525,503,-22
"Pristiophorus_schroederi",0,0,0,0.816071254875911,0.796199174013359,0.816071254875911,0.796199174013359,527,505,-22
"Pristiophorus_cirratus",0,0,0,0.816071254875911,0.796199174013359,0.816071254875911,0.796199174013359,527,505,-22
"Gymnura_australis",0,0,0,0.814623096488971,0.806166696420263,0.814623096488971,0.806166696420263,529,481,-48
"Gymnura_natalensis",0,0,0,0.814623096433619,0.80616669636883,0.814623096433619,0.80616669636883,530,482,-48
"Cruriraja_parcomaculata",0,0,0,0.81254551183767,0.76552468157579,0.81254551183767,0.76552468157579,531,558,27
"Raja_straeleni",0,0,0,0.404891932474996,0.367807184116494,0.809783864949993,0.735614368232987,532,671,139
"Raja_clavata",0,0,0,0.404891932472482,0.367807184114146,0.809783864944964,0.735614368228293,533,672,139
"Halaelurus_sellus",0,0,0,0.808113735300947,0.749506106235937,0.808113735300947,0.749506106235937,534,582,48
"Asymbolus_rubiginosus",0,0,0,0.808113735287535,0.749506106221122,0.808113735287535,0.749506106221122,535,583,48
"Asymbolus_vincenti",0,0,0,0.808113735287535,0.749506106221122,0.808113735287535,0.749506106221122,535,583,48
"Asymbolus_submaculatus",0,0,0,0.808113735287535,0.749506106221122,0.808113735287535,0.749506106221122,535,583,48
"Asymbolus_analis",0,0,0,0.808113735287535,0.749506106221122,0.808113735287535,0.749506106221122,535,583,48
"Asymbolus_occiduus",0,0,0,0.808113735287535,0.749506106221122,0.808113735287535,0.749506106221122,535,583,48
"Asymbolus_pallidus",0,0,0,0.808113735286896,0.749506106220417,0.808113735286896,0.749506106220417,540,589,49
"Asymbolus_parvus",0,0,0,0.808113735286896,0.749506106220417,0.808113735286896,0.749506106220417,540,588,48
"Asymbolus_galacticus",0,0,0,0.808113735284341,0.749506106217595,0.808113735284341,0.749506106217595,542,590,48
"Halaelurus_lineatus",0,0,0,0.80811373527128,0.749506106203167,0.80811373527128,0.749506106203167,543,591,48
"Galeus_eastmani",0,0,0,0.808113735261668,0.74950610619255,0.808113735261668,0.74950610619255,544,592,48
"Galeus_sauteri",0,0,0,0.808113735261668,0.74950610619255,0.808113735261668,0.74950610619255,544,592,48
"Bythaelurus_giddingsi",0,0,0,0.808113732107531,0.749506102708482,0.808113732107531,0.749506102708482,546,594,48
"Haploblepharus_pictus",0,0,0,0.808113732107531,0.749506102708482,0.808113732107531,0.749506102708482,546,594,48
"Galeus_priapus",0,0,0,0.808113732101144,0.749506102701426,0.808113732101144,0.749506102701426,548,596,48
"Apristurus_parvipinnis",0,0,0,0.80811373209827,0.749506102698252,0.80811373209827,0.749506102698252,549,597,48
"Figaro_boardmani",0,0,0,0.808113732097951,0.749506102697899,0.808113732097951,0.749506102697899,550,598,48
"Holohalaelurus_melanostigma",0,0,0,0.808113732097951,0.749506102697899,0.808113732097951,0.749506102697899,550,598,48
"Apristurus_albisoma",0,0,0,0.808113732096993,0.749506102696841,0.808113732096993,0.749506102696841,552,600,48
"Holohalaelurus_regani",0,0,0,0.808113732095716,0.74950610269543,0.808113732095716,0.74950610269543,553,601,48
"Pentanchus_profundicolus",0,0,0,0.808113732094758,0.749506102694372,0.808113732094758,0.749506102694372,554,602,48
"Galeus_gracilis",0,0,0,0.808113732091564,0.749506102690844,0.808113732091564,0.749506102690844,555,603,48
"Galeus_murinus",0,0,0,0.808113732091564,0.749506102690844,0.808113732091564,0.749506102690844,555,603,48
"Galeus_antillensis",0,0,0,0.808113732091564,0.749506102690844,0.808113732091564,0.749506102690844,555,603,48
"Parmaturus_campechiensis",0,0,0,0.808113732090606,0.749506102689786,0.808113732090606,0.749506102689786,558,606,48
"Galeus_springeri",0,0,0,0.808113732088371,0.749506102687317,0.808113732088371,0.749506102687317,559,607,48
"Parmaturus_pilosus",0,0,0,0.808113732087413,0.749506102686258,0.808113732087413,0.749506102686258,560,610,50
"Parmaturus_albipenis",0,0,0,0.808113732087413,0.749506102686258,0.808113732087413,0.749506102686258,560,610,50
"Apristurus_nasutus",0,0,0,0.808113732087413,0.749506102686259,0.808113732087413,0.749506102686259,560,608,48
"Apristurus_stenseni",0,0,0,0.808113732087413,0.749506102686258,0.808113732087413,0.749506102686258,560,610,50
"Apristurus_kampae",0,0,0,0.808113732087413,0.749506102686258,0.808113732087413,0.749506102686258,560,610,50
"Apristurus_fedorovi",0,0,0,0.808113732087413,0.749506102686258,0.808113732087413,0.749506102686258,560,610,50
"Apristurus_aphyodes",0,0,0,0.808113732087413,0.749506102686259,0.808113732087413,0.749506102686259,560,608,48
"Galeus_cadenati",0,0,0,0.808113732085177,0.749506102683789,0.808113732085177,0.749506102683789,567,615,48
"Apristurus_sinensis",0,0,0,0.808113732084219,0.749506102682731,0.808113732084219,0.749506102682731,568,616,48
"Apristurus_platyrhynchus",0,0,0,0.808113732084219,0.749506102682731,0.808113732084219,0.749506102682731,568,616,48
"Apristurus_micropterygeus",0,0,0,0.808113732084219,0.749506102682731,0.808113732084219,0.749506102682731,568,616,48
"Galeus_nipponensis",0,0,0,0.808113732083581,0.749506102682025,0.808113732083581,0.749506102682025,571,619,48
"Galeus_longirostris",0,0,0,0.808113732083581,0.749506102682025,0.808113732083581,0.749506102682025,571,619,48
"Bythaelurus_dawsoni",0,0,0,0.808113732082623,0.749506102680967,0.808113732082623,0.749506102680967,573,621,48
"Eridacnis_barbouri",0,0,0,0.80811373207879,0.749506102676734,0.80811373207879,0.749506102676734,574,622,48
"Eridacnis_sinuans",0,0,0,0.80811373207879,0.749506102676734,0.80811373207879,0.749506102676734,574,623,49
"Eridacnis_radcliffei",0,0,0,0.80811373207879,0.749506102676734,0.80811373207879,0.749506102676734,574,623,49
"Apristurus_indicus",0,0,0,0.808113732077833,0.749506102675676,0.808113732077833,0.749506102675676,577,625,48
"Apristurus_internatus",0,0,0,0.808113732077832,0.749506102675676,0.808113732077832,0.749506102675676,578,626,48
"Apristurus_macrorhynchus",0,0,0,0.808113732077832,0.749506102675676,0.808113732077832,0.749506102675676,578,626,48
"Apristurus_macrostomus",0,0,0,0.808113732077832,0.749506102675676,0.808113732077832,0.749506102675676,578,626,48
"Ctenacis_fehlmanni",0,0,0,0.808113732075597,0.749506102673207,0.808113732075597,0.749506102673207,581,629,48
"Bythaelurus_immaculatus",0,0,0,0.808113732075597,0.749506102673207,0.808113732075597,0.749506102673207,581,629,48
"Apristurus_riveri",0,0,0,0.808113732074639,0.749506102672149,0.808113732074639,0.749506102672149,583,631,48
"Parmaturus_xaniurus",0,0,0,0.808113732074639,0.749506102672149,0.808113732074639,0.749506102672149,583,631,48
"Parmaturus_lanatus",0,0,0,0.808113732074639,0.749506102672149,0.808113732074639,0.749506102672149,583,631,48
"Apristurus_exsanguis",0,0,0,0.808113732074639,0.749506102672149,0.808113732074639,0.749506102672149,583,631,48
"Apristurus_gibbosus",0,0,0,0.808113732074639,0.749506102672149,0.808113732074639,0.749506102672149,583,631,48
"Apristurus_brunneus",0,0,0,0.808113732074639,0.749506102672149,0.808113732074639,0.749506102672149,583,631,48
"Apristurus_saldanha",0,0,0,0.808113732074639,0.749506102672149,0.808113732074639,0.749506102672149,583,631,48
"Apristurus_sibogae",0,0,0,0.808113732074639,0.749506102672149,0.808113732074639,0.749506102672149,583,631,48
"Apristurus_spongiceps",0,0,0,0.80811373207432,0.749506102671796,0.80811373207432,0.749506102671796,591,639,48
"Apristurus_japonicus",0,0,0,0.80811373207432,0.749506102671796,0.80811373207432,0.749506102671796,591,639,48
"Apristurus_canutus",0,0,0,0.808113732073681,0.74950610267109,0.808113732073681,0.74950610267109,593,641,48
"Apristurus_investigatoris",0,0,0,0.808113732073681,0.74950610267109,0.808113732073681,0.74950610267109,593,641,48
"Apristurus_australis",0,0,0,0.808113732071446,0.749506102668621,0.808113732071446,0.749506102668621,595,643,48
"Apristurus_longicephalus",0,0,0,0.808113732071446,0.749506102668621,0.808113732071446,0.749506102668621,595,643,48
"Apristurus_herklotsi",0,0,0,0.808113732065059,0.749506102661566,0.808113732065059,0.749506102661566,597,645,48
"Galeus_schultzi",0,0,0,0.808113732062823,0.749506102659097,0.808113732062823,0.749506102659097,598,646,48
"Galeus_piperatus",0,0,0,0.808113732062823,0.749506102659097,0.808113732062823,0.749506102659097,598,646,48
"Apristurus_ampliceps",0,0,0,0.808113728904855,0.749506099170796,0.808113728904855,0.749506099170796,600,648,48
"Apristurus_microps",0,0,0,0.808113728903577,0.749506099169385,0.808113728903577,0.749506099169385,601,649,48
"Galeus_arae",0,0,0,0.808113728898148,0.749506099163388,0.808113728898148,0.749506099163388,602,650,48
"Galeus_melastomus",0,0,0,0.808113728891762,0.749506099156333,0.808113728891762,0.749506099156333,603,651,48
"Apristurus_pinguis",0,0,0,0.808113728890804,0.749506099155275,0.808113728890804,0.749506099155275,604,652,48
"Apristurus_profundorum",0,0,0,0.808113728890804,0.749506099155275,0.808113728890804,0.749506099155275,604,652,48
"Pseudotriakis_microdon",0,0,0,0.808113728882181,0.749506099145751,0.808113728882181,0.749506099145751,606,654,48
"Planonasus_parini",0,0,0,0.808113728882181,0.749506099145751,0.808113728882181,0.749506099145751,606,655,49
"Apristurus_melanoasper",0,0,0,0.808113728881223,0.749506099144693,0.808113728881223,0.749506099144693,608,656,48
"Apristurus_manis",0,0,0,0.808113728881223,0.749506099144693,0.808113728881223,0.749506099144693,608,656,48
"Apristurus_laurussonii",0,0,0,0.808113728880904,0.74950609914434,0.808113728880904,0.74950609914434,610,658,48
"Gollum_attenuatus",0,0,0,0.808113728878988,0.749506099142223,0.808113728878988,0.749506099142223,611,659,48
"Gollum_suluensis",0,0,0,0.808113728878988,0.749506099142223,0.808113728878988,0.749506099142223,611,659,48
"Electrolux_addisoni",0,0,0,0.804887624014194,0.820204905883672,0.804887624014194,0.820204905883672,613,473,-140
"Squatina_tergocellata",0,0,0,0.804833674475485,0.798741755528127,0.804833674475485,0.798741755528127,614,500,-114
"Squatina_pseudocellata",0,0,0,0.804833674475485,0.798741755528127,0.804833674475485,0.798741755528127,614,500,-114
"Squatina_australis",0,0,0,0.804833674475162,0.79874175552783,0.804833674475162,0.79874175552783,616,502,-114
"Megachasma_pelagios",0,0,0,0.802701251943575,0.735571113733159,0.802701251943575,0.735571113733159,617,673,56
"Odontaspis_noronhai",0,0,0,0.80270125192726,0.735571113714737,0.80270125192726,0.735571113714737,618,674,56
"Pseudocarcharias_kamoharai",0,0,0,0.802701248647883,0.735571110011963,0.802701248647883,0.735571110011963,619,675,56
"Rhinochimaera_pacifica",0,0,0,0.800628987294442,0.856797046735295,0.800628987294442,0.856797046735295,620,417,-203
"Rhinochimaera_atlantica",0,0,0,0.800628987274704,0.856797046721378,0.800628987274704,0.856797046721378,621,418,-203
"Rhinochimaera_africana",0,0,0,0.800628987274704,0.856797046721378,0.800628987274704,0.856797046721378,621,418,-203
"Pavoraja_mosaica",0,0,0,0.796015606945371,0.753411213025847,0.796015606945371,0.753411213025847,623,560,-63
"Pavoraja_umbrosa",0,0,0,0.796015606942022,0.753411213022364,0.796015606942022,0.753411213022364,624,561,-63
"Pavoraja_alleni",0,0,0,0.796015606942022,0.753411213022364,0.796015606942022,0.753411213022364,624,561,-63
"Pavoraja_nitida",0,0,0,0.796015606938673,0.75341121301888,0.796015606938673,0.75341121301888,626,563,-63
"Pavoraja_pseudonitida",0,0,0,0.796015606938673,0.75341121301888,0.796015606938673,0.75341121301888,626,563,-63
"Irolita_waitii",0,0,0,0.796015606915229,0.753411212994496,0.796015606915229,0.753411212994496,628,565,-63
"Notoraja_sticta",0,0,0,0.796015603603984,0.753411209550372,0.796015603603984,0.753411209550372,629,566,-63
"Notoraja_tobitukai",0,0,0,0.796015603603984,0.753411209550372,0.796015603603984,0.753411209550372,629,566,-63
"Notoraja_fijiensis",0,0,0,0.796015603603649,0.753411209550023,0.796015603603649,0.753411209550023,631,568,-63
"Notoraja_hirticauda",0,0,0,0.796015603603649,0.753411209550023,0.796015603603649,0.753411209550023,631,568,-63
"Notoraja_alisae",0,0,0,0.796015603603649,0.753411209550023,0.796015603603649,0.753411209550023,631,568,-63
"Notoraja_longiventralis",0,0,0,0.796015603603649,0.753411209550023,0.796015603603649,0.753411209550023,631,568,-63
"Notoraja_ochroderma",0,0,0,0.796015603603314,0.753411209549675,0.796015603603314,0.753411209549675,635,572,-63
"Notoraja_inusitata",0,0,0,0.796015603602979,0.753411209549327,0.796015603602979,0.753411209549327,636,573,-63
"Notoraja_azurea",0,0,0,0.796015603602979,0.753411209549327,0.796015603602979,0.753411209549327,636,573,-63
"Insentiraja_subtilispinosa",0,0,0,0.796015603602979,0.753411209549327,0.796015603602979,0.753411209549327,636,573,-63
"Hydrolagus_melanophasma",0,0,0,0.788271712119363,0.834871357853765,0.788271712119363,0.834871357853765,639,434,-205
"Chimaera_macrospina",0,0,0,0.788271708670627,0.834871355287452,0.788271708670627,0.834871355287452,640,435,-205
"Hydrolagus_alberti",0,0,0,0.788271708670627,0.834871355287452,0.788271708670627,0.834871355287452,640,435,-205
"Squatina_dumeril",0,0,0,0.782082046059627,0.783995423907137,0.782082046059627,0.783995423907137,642,544,-98
"Sympterygia_lima",0,0,0,0.780695489715047,0.742570200751138,0.780695489715047,0.742570200751138,643,662,19
"Psammobatis_bergi",0,0,0,0.780695489694125,0.742570200729865,0.780695489694125,0.742570200729865,644,663,19
"Psammobatis_lentiginosa",0,0,0,0.780695489683486,0.742570200719048,0.780695489683486,0.742570200719048,645,664,19
"Psammobatis_rutrum",0,0,0,0.780695489669301,0.742570200704626,0.780695489669301,0.742570200704626,646,665,19
"Psammobatis_extenta",0,0,0,0.780695489669301,0.742570200704626,0.780695489669301,0.742570200704626,646,665,19
"Psammobatis_scobina",0,0,0,0.780695489669301,0.742570200704626,0.780695489669301,0.742570200704626,646,669,23
"Psammobatis_rudis",0,0,0,0.780695489669301,0.742570200704626,0.780695489669301,0.742570200704626,646,665,19
"Psammobatis_normani",0,0,0,0.780695489669301,0.742570200704626,0.780695489669301,0.742570200704626,646,665,19
"Pseudoraja_fischeri",0,0,0,0.780695486135843,0.742570197112057,0.780695486135843,0.742570197112057,651,670,19
"Chimaera_opalescens",0,0,0,0.779626582387054,0.829128656379154,0.779626582387054,0.829128656379154,652,445,-207
"Chimaera_lignaria",0,0,0,0.779626582387054,0.829128656379154,0.779626582387054,0.829128656379154,652,445,-207
"Chimaera_fulva",0,0,0,0.779626582379934,0.829128656373892,0.779626582379934,0.829128656373892,654,447,-207
"Chimaera_panthera",0,0,0,0.779626582369254,0.829128656365999,0.779626582369254,0.829128656365999,655,448,-207
"Hydrolagus_bemisi",0,0,0,0.779626582369254,0.829128656365999,0.779626582369254,0.829128656365999,655,448,-207
"Hydrolagus_macrophthalmus",0,0,0,0.779626578841316,0.829128653758707,0.779626578841316,0.829128653758707,657,450,-207
"Chimaera_argiloba",0,0,0,0.779626578830636,0.829128653750814,0.779626578830636,0.829128653750814,658,451,-207
"Potamotrygon_falkneri",0,0,0,0.772268722714005,0.77144537170249,0.772268722714005,0.77144537170249,659,549,-110
"Potamotrygon_orbignyi",0,0,0,0.772268722711812,0.771445371700522,0.772268722711812,0.771445371700522,660,550,-110
"Potamotrygon_motoro",0,0,0,0.77226872271035,0.77144537169921,0.77226872271035,0.77144537169921,661,551,-110
"Chiloscyllium_punctatum",2,1,0.667,0.386004587476738,0.343879026635236,0.772009174953477,0.687758053270471,662,721,59
"Chiloscyllium_plagiosum",5,1,0.833,0.386004587476738,0.306882372614901,0.772009174953477,0.613764745229802,662,746,84
"Poroderma_pantherinum",0,0,0,0.770086700414869,0.697289830897833,0.770086700414869,0.697289830897833,664,688,24
"Poroderma_africanum",0,0,0,0.770086700414869,0.697289830897833,0.770086700414869,0.697289830897833,664,688,24
"Cephalurus_cephalus",0,0,0,0.770086700411187,0.697289830893717,0.770086700411187,0.697289830893717,666,690,24
"Callorhinchus_capensis",0,0,0,0.764646840347022,0.7618108919276,0.764646840347022,0.7618108919276,667,559,-108
"Pristiophorus_nancyae",0,0,0,0.76401228428734,0.751321805413137,0.76401228428734,0.751321805413137,668,581,-87
"Urobatis_maculatus",0,0,0,0.745359161390781,0.751602053668817,0.745359161390781,0.751602053668817,669,578,-91
"Urobatis_concentricus",0,0,0,0.745359161390781,0.751602053668817,0.745359161390781,0.751602053668817,669,578,-91
"Urobatis_halleri",0,0,0,0.74535916138278,0.751602053661809,0.74535916138278,0.751602053661809,671,580,-91
"Callorhinchus_milii",3,1,0.75,0.731066881042318,0.732251113595343,0.731066881042318,0.732251113595343,672,676,4
"Mustelus_asterias",2,1,0.667,0.36125655941139,0.360568609223906,0.72251311882278,0.721137218447813,673,682,9
"Cephaloscyllium_zebrum",0,0,0,0.7214230161136,0.651945650135797,0.7214230161136,0.651945650135797,674,731,57
"Cephaloscyllium_ventriosum",0,0,0,0.721423016109291,0.651945650131171,0.721423016109291,0.651945650131171,675,732,57
"Cephaloscyllium_stevensi",0,0,0,0.721423016109291,0.651945650131171,0.721423016109291,0.651945650131171,675,732,57
"Cephaloscyllium_speccum",0,0,0,0.721423016099381,0.651945650120532,0.721423016099381,0.651945650120532,677,734,57
"Cephaloscyllium_hiscosellum",0,0,0,0.721423016099381,0.651945650120532,0.721423016099381,0.651945650120532,677,734,57
"Cephaloscyllium_isabellum",0,0,0,0.721423016097226,0.651945650118219,0.721423016097226,0.651945650118219,679,736,57
"Cephaloscyllium_signourum",0,0,0,0.721423016096365,0.651945650117294,0.721423016096365,0.651945650117294,680,737,57
"Cephaloscyllium_laticeps",0,0,0,0.721423016086454,0.651945650106654,0.721423016086454,0.651945650106654,681,738,57
"Hydrolagus_pallidus",0,0,0,0.71730187244034,0.788488320252454,0.71730187244034,0.788488320252454,682,541,-141
"Hydrolagus_lusitanicus",0,0,0,0.717301872431616,0.788488320246276,0.717301872431616,0.788488320246276,683,542,-141
"Hydrolagus_homonycteris",0,0,0,0.717301872431616,0.788488320246276,0.717301872431616,0.788488320246276,683,542,-141
"Neotrygon_ningalooensis",0,0,0,0.709891782315672,0.725828320971771,0.709891782315672,0.725828320971771,685,677,-8
"Neotrygon_picta",0,0,0,0.709891782280013,0.725828320941419,0.709891782280013,0.725828320941419,686,678,-8
"Neotrygon_leylandi",0,0,0,0.709891782280013,0.725828320941419,0.709891782280013,0.725828320941419,686,678,-8
"Bathyraja_bergi",0,0,0,0.706414811473752,0.693191360854845,0.706414811473752,0.693191360854845,688,692,4
"Torpedo_andersoni",0,0,0,0.699164611095186,0.745827805506362,0.699164611095186,0.745827805506362,689,661,-28
"Bathyraja_diplotaenia",0,0,0,0.697985791347052,0.687820906952612,0.697985791347052,0.687820906952612,690,693,3
"Bathyraja_minispinosa",0,0,0,0.697985791330455,0.687820906937413,0.697985791330455,0.687820906937413,691,694,3
"Bathyraja_tunae",0,0,0,0.697985791330455,0.687820906937413,0.697985791330455,0.687820906937413,691,694,3
"Bathyraja_andriashevi",0,0,0,0.69798579132861,0.687820906935725,0.69798579132861,0.687820906935725,693,697,4
"Bathyraja_leucomelanos",0,0,0,0.69798579132861,0.687820906935725,0.69798579132861,0.687820906935725,693,697,4
"Bathyraja_isotrachys",0,0,0,0.69798579132861,0.687820906935725,0.69798579132861,0.687820906935725,693,697,4
"Bathyraja_schroederi",0,0,0,0.69798579132861,0.687820906935725,0.69798579132861,0.687820906935725,693,696,3
"Rhinoraja_odai",0,0,0,0.69798579132861,0.687820906935725,0.69798579132861,0.687820906935725,693,697,4
"Bathyraja_smithii",0,0,0,0.697985791326305,0.687820906933614,0.697985791326305,0.687820906933614,698,701,3
"Bathyraja_fedorovi",0,0,0,0.697985791326305,0.687820906933614,0.697985791326305,0.687820906933614,699,702,3
"Bathyraja_meridionalis",0,0,0,0.697985791325844,0.687820906933191,0.697985791325844,0.687820906933191,700,703,3
"Bathyraja_aguja",0,0,0,0.697985791325383,0.687820906932769,0.697985791325383,0.687820906932769,701,704,3
"Bathyraja_violacea",0,0,0,0.697985791324,0.687820906931503,0.697985791324,0.687820906931503,702,705,3
"Bathyraja_peruana",0,0,0,0.697985791324,0.687820906931503,0.697985791324,0.687820906931503,703,706,3
"Bathyraja_kincaidii",0,0,0,0.697985791322156,0.687820906929814,0.697985791322156,0.687820906929814,704,707,3
"Bathyraja_microtrachys",0,0,0,0.697985791321234,0.687820906928969,0.697985791321234,0.687820906928969,705,710,5
"Bathyraja_papilionifera",0,0,0,0.697985791321234,0.68782090692897,0.697985791321234,0.68782090692897,705,708,3
"Bathyraja_hesperafricana",0,0,0,0.697985791321234,0.68782090692897,0.697985791321234,0.68782090692897,705,708,3
"Bathyraja_matsubarai",0,0,0,0.697985791320772,0.687820906928547,0.697985791320772,0.687820906928547,708,711,3
"Bathyraja_tzinovskii",0,0,0,0.697985791319389,0.68782090692728,0.697985791319389,0.68782090692728,709,712,3
"Bathyraja_trachura",0,0,0,0.69798578671949,0.68782090271501,0.69798578671949,0.68782090271501,710,713,3
"Bathyraja_richardsoni",0,0,0,0.697985786718107,0.687820902713743,0.697985786718107,0.687820902713743,711,715,4
"Bathyraja_aleutica",0,0,0,0.697985786718107,0.687820902713743,0.697985786718107,0.687820902713743,711,714,3
"Bathyraja_parmifera",0,0,0,0.697985786715802,0.687820902711632,0.697985786715802,0.687820902711632,713,717,4
"Bathyraja_abyssicola",0,0,0,0.697985786715802,0.687820902711632,0.697985786715802,0.687820902711632,713,716,3
"Bathyraja_maculata",0,0,0,0.697985786710269,0.687820902706566,0.697985786710269,0.687820902706566,715,718,3
"Bathyraja_lindbergi",0,0,0,0.697985786710269,0.687820902706566,0.697985786710269,0.687820902706566,715,718,3
"Bathyraja_maccaini",0,0,0,0.697985782108987,0.687820898493028,0.697985782108987,0.687820898493028,717,720,3
"Negaprion_brevirostris",1,1,0.5,0.172218777948117,0.272350483503831,0.688875111792469,1.08940193401533,718,373,-345
"Lamna_ditropis",0,0,0,0.687691463226788,0.62267205777074,0.687691463226788,0.62267205777074,719,744,25
"Heterodontus_francisci",2,1,0.667,0.676299348756684,0.675403590516081,0.676299348756684,0.675403590516081,720,722,2
"Bathyraja_cousseauae",0,0,0,0.673363949269147,0.672332874680594,0.673363949269147,0.672332874680594,721,723,2
"Bathyraja_longicauda",0,0,0,0.673363949269147,0.672332874680594,0.673363949269147,0.672332874680594,721,723,2
"Bathyraja_pallida",0,0,0,0.673363949268654,0.672332874680155,0.673363949268654,0.672332874680155,723,725,2
"Rhinoraja_kujiensis",0,0,0,0.673363949248944,0.672332874662569,0.673363949248944,0.672332874662569,724,726,2
"Bathyraja_spinosissima",0,0,0,0.673363949248944,0.672332874662569,0.673363949248944,0.672332874662569,724,726,2
"Bathyraja_eatonii",0,0,0,0.673363949248944,0.672332874662569,0.673363949248944,0.672332874662569,724,726,2
"Somniosus_rostratus",0,0,0,0.663353960227151,0.696953023395083,0.663353960227151,0.696953023395083,727,691,-36
"Hydrolagus_novaezealandiae",0,0,0,0.661160968225397,0.752835808293538,0.661160968225397,0.752835808293538,728,576,-152
"Hydrolagus_alphus",0,0,0,0.661160963141045,0.752835804803571,0.661160963141045,0.752835804803571,729,577,-152
"Scyliorhinus_torrei",0,0,0,0.656909975293049,0.578722700130652,0.656909975293049,0.578722700130652,730,765,35
"Narcine_bancroftii",2,1,0.667,0.656897474007085,0.668397080296035,0.656897474007085,0.668397080296035,731,729,-2
"Hydrolagus_colliei",2,1,0.667,0.653317691630953,0.699791493401772,0.653317691630953,0.699791493401772,732,687,-45
"Raja_microocellata",0,0,0,0.32423787984715,0.301541642083598,0.6484757596943,0.603083284167197,733,749,16
"Typhlonarke_aysoni",1,1,0.5,0.645264040620928,0.723379284464491,0.645264040620928,0.723379284464491,734,681,-53
"Scyliorhinus_retifer",0,0,0,0.64161088925186,0.563489239490872,0.64161088925186,0.563489239490872,735,766,31
"Scyliorhinus_boa",0,0,0,0.641610889251326,0.56348923949031,0.641610889251326,0.56348923949031,736,767,31
"Scyliorhinus_meadi",0,0,0,0.641610889251326,0.56348923949031,0.641610889251326,0.56348923949031,736,767,31
"Carcharhinus_falciformis",0,0,0,0.15971365002354,0.241367497467612,0.638854600094161,0.965469989870448,738,389,-349
"Centroscyllium_nigrum",0,0,0,0.636513468309036,0.629102709971329,0.636513468309036,0.629102709971329,739,742,3
"Centroscyllium_kamoharai",0,0,0,0.633044604530844,0.626337936122168,0.633044604530844,0.626337936122168,740,743,3
"Bathyraja_scaphiops",0,0,0,0.624112930811418,0.64210401357898,0.624112930811418,0.64210401357898,741,740,-1
"Cirrhigaleus_barbifer",0,0,0,0.616827873300764,0.616120121096064,0.616827873300764,0.616120121096064,742,745,3
"Centroscyllium_ritteri",0,0,0,0.616820172150553,0.61346792842276,0.616820172150553,0.61346792842276,743,747,4
"Pristiophorus_japonicus",2,1,0.667,0.61588445891714,0.63195211408048,0.61588445891714,0.63195211408048,744,741,-3
"Somniosus_antarcticus",0,0,0,0.611419446540185,0.6660483869558,0.611419446540185,0.6660483869558,745,730,-15
"Centroscyllium_ornatum",0,0,0,0.603269279509791,0.602792549550016,0.603269279509791,0.602792549550016,746,750,4
"Myliobatis_tenuicaudatus",0,0,0,0.602041153588417,0.648941669392882,0.602041153588417,0.648941669392882,747,739,-8
"Hemitriakis_falcata",0,0,0,0.600004056570854,0.555507584619438,0.600004056570854,0.555507584619438,748,769,21
"Hemitriakis_abdita",0,0,0,0.600004056559111,0.555507584608014,0.600004056559111,0.555507584608014,749,770,21
"Furgaleus_macki",0,0,0,0.600004050705427,0.555507578913427,0.600004050705427,0.555507578913427,750,771,21
"Triakis_semifasciata",0,0,0,0.6000040506291,0.555507578839175,0.6000040506291,0.555507578839175,751,772,21
"Squalus_crassispinus",0,0,0,0.59449850050195,0.598465778229792,0.59449850050195,0.598465778229792,752,753,1
"Squalus_cubensis",0,0,0,0.594498494561116,0.598465773002894,0.594498494561116,0.598465773002894,753,754,1
"Squalus_raoulensis",0,0,0,0.594498494561116,0.598465773002894,0.594498494561116,0.598465773002894,753,754,1
"Squalus_griffini",0,0,0,0.594498494559333,0.598465773001325,0.594498494559333,0.598465773001325,755,756,1
"Squalus_albifrons",0,0,0,0.594498494556956,0.598465772999234,0.594498494556956,0.598465772999234,756,757,1
"Squalus_megalops",0,0,0,0.594498494556956,0.598465772999234,0.594498494556956,0.598465772999234,756,758,2
"Squalus_notocaudatus",0,0,0,0.594498494556956,0.598465772999234,0.594498494556956,0.598465772999234,758,758,0
"Squalus_lalannei",0,0,0,0.594498494556362,0.598465772998712,0.594498494556362,0.598465772998712,759,760,1
"Chimaera_bahamaensis",0,0,0,0.59092030682422,0.709243972406538,0.59092030682422,0.709243972406538,760,683,-77
"Chimaera_cubana",0,0,0,0.59092030682422,0.709243972406538,0.59092030682422,0.709243972406538,760,683,-77
"Iago_garricki",0,0,0,0.581556407036288,0.535147943700975,0.581556407036288,0.535147943700975,762,778,16
"Iago_omanensis",0,0,0,0.581556407036288,0.535147943700975,0.581556407036288,0.535147943700975,762,778,16
"Centroscyllium_fabricii",2,1,0.667,0.577610808465753,0.582749814006095,0.577610808465753,0.582749814006095,764,764,0
"Hemigaleus_australiensis",0,0,0,0.573147480404453,0.543287252861529,0.573147480404453,0.543287252861529,765,777,12
"Mustelus_sinusmexicanus",0,0,0,0.552553159963873,0.516991140667888,0.552553159963873,0.516991140667888,766,780,14
"Mustelus_henlei",0,0,0,0.552553159944428,0.516991140649452,0.552553159944428,0.516991140649452,767,782,15
"Mustelus_californicus",0,0,0,0.552553159944428,0.516991140649452,0.552553159944428,0.516991140649452,767,781,14
"Mustelus_albipinnis",0,0,0,0.552553159942483,0.516991140647608,0.552553159942483,0.516991140647608,769,783,14
"Mustelus_ravidus",0,0,0,0.552553153467086,0.516991134508367,0.552553153467086,0.516991134508367,770,784,14
"Harriotta_raleighana",1,1,0.5,0.551952472556001,0.702594404483758,0.551952472556001,0.702594404483758,771,685,-86
"Harriotta_haeckeli",1,1,0.5,0.551952472556001,0.702594404483758,0.551952472556001,0.702594404483758,771,685,-86
"Scyliorhinus_hesperius",0,0,0,0.536366849602854,0.46224445525015,0.536366849602854,0.46224445525015,773,791,18
"Scyliorhinus_canicula",4,1,0.8,0.522486560069988,0.449265854401867,0.522486560069988,0.449265854401867,774,793,19
"Scyliorhinus_torazame",2,1,0.667,0.522486560059533,0.48880369184263,0.522486560059533,0.48880369184263,775,788,13
"Hemiscyllium_trispeculare",0,0,0,0.52244113364792,0.461299881556783,0.52244113364792,0.461299881556783,776,792,16
"Raja_brachyura",2,1,0.667,0.254351503752527,0.246402587130483,0.508703007505053,0.492805174260966,777,785,8
"Triakis_megalopterus",0,0,0,0.507464355466041,0.478321561530254,0.507464355466041,0.478321561530254,778,789,11
"Rhizoprionodon_terraenovae",0,0,0,0.505023931325411,0.491839152915113,0.505023931325411,0.491839152915113,779,786,7
"Rhizoprionodon_taylori",0,0,0,0.50502393128285,0.491839152876542,0.50502393128285,0.491839152876542,780,787,7
"Urobatis_jamaicensis",1,1,0.5,0.496498000274826,0.595039117072397,0.496498000274826,0.595039117072397,781,761,-20
"Fenestraja_mamillidens",0,0,0,0.493649731450139,0.445461512534132,0.493649731450139,0.445461512534132,782,794,12
"Fenestraja_atripinna",0,0,0,0.493649731450139,0.445461512534132,0.493649731450139,0.445461512534132,782,794,12
"Fenestraja_plutonia",0,0,0,0.493649731435659,0.445461512520231,0.493649731435659,0.445461512520231,784,796,12
"Fenestraja_sinusmexicanus",0,0,0,0.493649731435659,0.445461512520231,0.493649731435659,0.445461512520231,784,796,12
"Fenestraja_cubensis",0,0,0,0.493649731435659,0.445461512520231,0.493649731435659,0.445461512520231,784,796,12
"Fenestraja_ishiyamai",0,0,0,0.493649731428419,0.44546151251328,0.493649731428419,0.44546151251328,787,799,12
"Pteroplatytrygon_violacea",1,1,0.5,0.482314692076019,0.584160481782213,0.482314692076019,0.584160481782213,788,762,-26
"Taeniura_lymma",1,1,0.5,0.482314689208759,0.584160479111442,0.482314689208759,0.584160479111442,789,763,-26
"Carcharhinus_albimarginatus",0,0,0,0.114809860685956,0.201080856961758,0.459239442743823,0.804323427847033,790,483,-307
"Gurgesiella_furvescens",0,0,0,0.449132489578493,0.405882806337355,0.449132489578493,0.405882806337355,791,800,9
"Gurgesiella_atlantica",0,0,0,0.449132489578493,0.405882806337355,0.449132489578493,0.405882806337355,791,800,9
"Beringraja_binoculata",0,0,0,0.448250568483005,0.405107808006654,0.448250568483005,0.405107808006654,793,802,9
"Dactylobatus_armatus",0,0,0,0.448250568479093,0.405107808002952,0.448250568479093,0.405107808002952,794,803,9
"Dactylobatus_clarkii",0,0,0,0.448250568479093,0.405107808002952,0.448250568479093,0.405107808002952,794,803,9
"Dipturus_acrobelus",0,0,0,0.448250560669168,0.405107800611179,0.448250560669168,0.405107800611179,796,805,9
"Zearaja_nasuta",0,0,0,0.448250560661423,0.405107800603848,0.448250560661423,0.405107800603848,797,806,9
"Dipturus_teevani",0,0,0,0.448250560659779,0.405107800602292,0.448250560659779,0.405107800602292,798,807,9
"Dipturus_apricus",0,0,0,0.448250560658215,0.405107800600811,0.448250560658215,0.405107800600811,799,808,9
"Dipturus_springeri",0,0,0,0.448250560658215,0.405107800600811,0.448250560658215,0.405107800600811,799,808,9
"Dentiraja_lemprieri",0,0,0,0.448250560655868,0.40510780059859,0.448250560655868,0.40510780059859,801,810,9
"Dipturus_olseni",0,0,0,0.44825056065352,0.405107800596368,0.44825056065352,0.405107800596368,802,811,9
"Dipturus_doutrei",0,0,0,0.448250560649608,0.405107800592666,0.448250560649608,0.405107800592666,803,812,9
"Dipturus_innominatus",0,0,0,0.448250560649608,0.405107800592666,0.448250560649608,0.405107800592666,803,812,9
"Dipturus_wengi",0,0,0,0.448250560647261,0.405107800590444,0.448250560647261,0.405107800590444,805,814,9
"Dipturus_oregoni",0,0,0,0.448250560647261,0.405107800590444,0.448250560647261,0.405107800590444,805,814,9
"Dipturus_bullisi",0,0,0,0.448250560645696,0.405107800588963,0.448250560645696,0.405107800588963,807,816,9
"Dipturus_garricki",0,0,0,0.448250560645696,0.405107800588963,0.448250560645696,0.405107800588963,807,816,9
"Dipturus_laevis",0,0,0,0.448250560622224,0.405107800566748,0.448250560622224,0.405107800566748,809,818,9
"Breviraja_nigriventralis",0,0,0,0.430541088802849,0.387673191819632,0.430541088802849,0.387673191819632,810,822,12
"Breviraja_colesi",0,0,0,0.430541088802849,0.387673191819632,0.430541088802849,0.387673191819632,810,822,12
"Breviraja_claramaculata",0,0,0,0.430541088760174,0.387673191779344,0.430541088760174,0.387673191779344,812,824,12
"Breviraja_spinosa",0,0,0,0.430541088760174,0.387673191779344,0.430541088760174,0.387673191779344,812,824,12
"Raja_miraletus",0,0,0,0.42724309874032,0.386851398648012,0.42724309874032,0.386851398648012,814,829,15
"Raja_polystigma",0,0,0,0.42724309874032,0.386851398648012,0.42724309874032,0.386851398648012,814,829,15
"Hydrolagus_trolli",0,0,0,0.423045665816813,0.608548841771765,0.423045665816813,0.608548841771765,816,748,-68
"Carcharhinus_sorrah",0,0,0,0.207748921887851,0.274638867557793,0.415497843775702,0.549277735115586,817,773,-44
"Carcharhinus_macloti",0,0,0,0.207748921872565,0.274638867545369,0.41549784374513,0.549277735090738,818,774,-44
"Carcharhinus_isodon",0,0,0,0.207748921855095,0.27463886753117,0.41549784371019,0.549277735062341,819,775,-44
"Carcharhinus_altimus",0,0,0,0.207748910884861,0.274638858615208,0.415497821769721,0.549277717230416,820,776,-44
"Hemiscyllium_ocellatum",2,1,0.667,0.414731144650227,0.375501838925854,0.414731144650227,0.375501838925854,821,831,10
"Okamejei_heemstrai",0,0,0,0.412159214366134,0.373960276599415,0.412159214366134,0.373960276599415,822,832,10
"Hydrolagus_affinis",1,1,0.5,0.408957311983265,0.600315267488172,0.408957311983265,0.600315267488172,823,751,-72
"Hydrolagus_mirabilis",1,1,0.5,0.408957311982913,0.600315267487803,0.408957311982913,0.600315267487803,824,752,-72
"Amblyraja_radiata",3,1,0.75,0.101228635901988,0.0842337701682947,0.404914543607952,0.336935080673179,825,842,17
"Raja_asterias",0,0,0,0.404891932472482,0.367807184114146,0.404891932472482,0.367807184114146,826,834,8
"Okamejei_leptoura",0,0,0,0.39953081192277,0.363290487137353,0.39953081192277,0.363290487137353,827,835,8
"Mustelus_antarcticus",0,0,0,0.395212392084578,0.387140255383188,0.395212392084578,0.387140255383188,828,826,-2
"Mustelus_lenticulatus",0,0,0,0.395212392083897,0.38714025538258,0.395212392083897,0.38714025538258,829,827,-2
"Mustelus_stevensi",0,0,0,0.395212383578094,0.387140247775786,0.395212383578094,0.387140247775786,830,828,-2
"Neoraja_iberica",0,0,0,0.382203993641182,0.345815141656141,0.382203993641182,0.345815141656141,831,837,6
"Neoraja_stehmanni",0,0,0,0.382203993641182,0.345815141656141,0.382203993641182,0.345815141656141,831,836,5
"Neoraja_africana",0,0,0,0.382203993641182,0.345815141656141,0.382203993641182,0.345815141656141,831,837,6
"Neoraja_caerulea",0,0,0,0.382203993641182,0.345815141656141,0.382203993641182,0.345815141656141,831,837,6
"Neoraja_carolinensis",0,0,0,0.382203993641182,0.345815141656141,0.382203993641182,0.345815141656141,831,837,6
"Mustelus_palumbes",0,0,0,0.372378894189874,0.369230163996691,0.372378894189874,0.369230163996691,836,833,-3
"Raja_montagui",0,0,0,0.346455266025649,0.319470684546941,0.346455266025649,0.319470684546941,837,843,6
"Squalus_suckleyi",3,1,0.75,0.337516333411809,0.399527258329136,0.337516333411809,0.399527258329136,838,819,-19
"Carcharhinus_amblyrhynchos",2,1,0.667,0.0416284292491996,0.143296301721376,0.333027433993597,1.14637041377101,839,364,-475
"Myliobatis_californicus",1,1,0.5,0.323860966881571,0.475316719918847,0.323860966881571,0.475316719918847,840,790,-50
"Okamejei_arafurensis",0,0,0,0.317136556306912,0.295855515724772,0.317136556306912,0.295855515724772,841,847,6
"Leucoraja_leucosticta",0,0,0,0.156144952162697,0.197795206002465,0.312289904325394,0.395590412004929,842,820,-22
"Leucoraja_naevus",1,1,0.5,0.153744420395105,0.19639563855799,0.307488840790209,0.39279127711598,843,821,-22
"Carcharhinus_tilstoni",0,0,0,0.268191764087958,0.318319039120288,0.268191764087958,0.318319039120288,844,844,0
"Carcharhinus_cautus",0,0,0,0.268191753944685,0.318319030736087,0.268191753944685,0.318319030736087,845,845,0
"Carcharhinus_fitzroyensis",0,0,0,0.268191753883839,0.318319030685793,0.268191753883839,0.318319030685793,846,846,0
"Leucoraja_lentiginosa",0,0,0,0.266675014180478,0.263958238857366,0.266675014180478,0.263958238857366,847,849,2
"Malacoraja_obscura",0,0,0,0.2602741357173,0.246518660932222,0.2602741357173,0.246518660932222,848,850,2
"Malacoraja_kreffti",0,0,0,0.23802010812411,0.22906842881057,0.23802010812411,0.22906842881057,849,851,2
"Malacoraja_spinacidermis",0,0,0,0.23802010812411,0.22906842881057,0.23802010812411,0.22906842881057,849,851,2
"Rajella_bathyphila",0,0,0,0.233646429369297,0.203718776800806,0.233646429369297,0.203718776800806,851,854,3
"Rajella_annandalei",0,0,0,0.233646429366122,0.203718776797904,0.233646429366122,0.203718776797904,852,855,3
"Rajella_bigelowi",0,0,0,0.233646429337541,0.203718776771788,0.233646429337541,0.203718776771788,853,856,3
"Rajella_ravidula",0,0,0,0.233646429337541,0.203718776771788,0.233646429337541,0.203718776771788,853,856,3
"Rajella_nigerrima",0,0,0,0.233646429337541,0.203718776771788,0.233646429337541,0.203718776771788,853,856,3
"Rajella_caudaspinosa",0,0,0,0.233646429334366,0.203718776768887,0.233646429334366,0.203718776768887,856,859,3
"Rajella_eisenhardti",0,0,0,0.233646429329073,0.20371877676405,0.233646429329073,0.20371877676405,857,860,3
"Rajella_kukujevi",0,0,0,0.233646429329073,0.20371877676405,0.233646429329073,0.20371877676405,857,860,3
"Rajella_dissimilis",0,0,0,0.233646429329073,0.20371877676405,0.233646429329073,0.20371877676405,857,860,3
"Rajella_lintea",0,0,0,0.233646429329073,0.20371877676405,0.233646429329073,0.20371877676405,857,860,3
"Rajella_barnardi",0,0,0,0.233646429329073,0.20371877676405,0.233646429329073,0.20371877676405,857,860,3
"Rajella_fyllae",0,0,0,0.233646429325897,0.203718776761149,0.233646429325897,0.203718776761149,862,865,3
"Rajella_purpuriventralis",0,0,0,0.233646429325897,0.203718776761149,0.233646429325897,0.203718776761149,862,865,3
"Rajella_challengeri",0,0,0,0.233646429321663,0.20371877675728,0.233646429321663,0.20371877675728,864,867,3
"Rajella_sadowskii",0,0,0,0.233646429318487,0.203718776754378,0.233646429318487,0.203718776754378,865,868,3
"Rajella_fuliginea",0,0,0,0.233646429305785,0.203718776742771,0.233646429305785,0.203718776742771,866,869,3
"Carcharhinus_coatesi",0,0,0,0.207748910903641,0.274638858630471,0.207748910903641,0.274638858630471,867,848,-19
"Leucoraja_yucatanensis",0,0,0,0.206761300228755,0.181699767585546,0.206761300228755,0.181699767585546,868,870,2
"Leucoraja_pristispina",0,0,0,0.182058446554995,0.159780171198634,0.182058446554995,0.159780171198634,869,871,2
"Leucoraja_garmani",0,0,0,0.182058446554995,0.159780171198634,0.182058446554995,0.159780171198634,869,871,2
"Amblyraja_jenseni",0,0,0,0.160409204745682,0.136630197632078,0.160409204745682,0.136630197632078,871,873,2
"Amblyraja_hyperborea",0,0,0,0.160409204745682,0.136630197632078,0.160409204745682,0.136630197632078,871,873,2
"Amblyraja_doellojuradoi",0,0,0,0.160409204737728,0.136630197624883,0.160409204737728,0.136630197624883,873,875,2
"Carcharhinus_galapagensis",0,0,0,0.125295215996403,0.226238988154562,0.125295215996403,0.226238988154562,874,853,-21
"Prionace_glauca",1,1,0.5,0.0416284292560238,0.170621000588586,0.0832568585120477,0.341242001177173,875,841,-34
"Leucoraja_erinacea",3,1,0.75,0,0,0,0,876,877,1
"Leucoraja_ocellata",2,1,0.667,0,0.00767179033021947,0,0.0613743226417558,876,876,0
