"tree","lambda_exp","lambda_gauss","lambda_lin","rho_gauss","rho_lin","rho_bm","target_exp","target_gauss","target_lin","target_bm"
"MCC",4.8,9.8,1.9,0.95124771401825,0.931332566703941,0.712951458621224,FALSE,FALSE,TRUE,FALSE
"post_1",3.5,1.7,1.3,0.827237576552301,0.954600614932756,0.757180014404566,TRUE,TRUE,TRUE,TRUE
"post_2",4,2,1.3,0.860982735285857,0.94980854320071,0.73955433437898,TRUE,TRUE,TRUE,FALSE
"post_3",5.1,9.1,1.8,0.962628744627849,0.940488788456301,0.707808418122334,FALSE,FALSE,FALSE,FALSE
"post_4",3.3,1.7,1.3,0.839706327497556,0.951263864019577,0.742244571760273,TRUE,TRUE,TRUE,TRUE
"post_5",3.4,1.9,1.4,0.867818870953787,0.953901208705432,0.810573231202176,TRUE,TRUE,TRUE,FALSE
"post_6",3.1,1.6,1.5,0.915621250480597,0.950906584341736,0.833462028571414,TRUE,TRUE,TRUE,FALSE
"post_7",3.6,2,1.5,0.839022361082577,0.935923007090729,0.747502107423368,TRUE,TRUE,TRUE,FALSE
"post_8",3.2,1.7,1.4,0.895688539208641,0.947503871211989,0.803892439832281,TRUE,TRUE,TRUE,FALSE
"post_9",3.6,1.9,1.3,0.849834928490892,0.942878073801729,0.747093381015292,TRUE,TRUE,TRUE,FALSE
"post_10",4.9,8.8,1.8,0.963984914209828,0.946465525277823,0.697005549150406,FALSE,FALSE,FALSE,FALSE
"post_11",4.9,8.7,1.8,0.965242805032874,0.944909991281805,0.697081072164767,FALSE,FALSE,FALSE,FALSE
"post_12",3.3,1.8,1.3,0.90246949695727,0.964326248060354,0.810861861882962,TRUE,TRUE,TRUE,TRUE
"post_13",3.3,1.8,1.5,0.850682258033718,0.956280072984343,0.781769749394288,TRUE,TRUE,TRUE,TRUE
"post_14",4.8,8.7,1.8,0.95749876063644,0.931665771537228,0.718132756236199,FALSE,FALSE,FALSE,FALSE
"post_15",3.7,2,1.3,0.861564140294085,0.951639467105772,0.741075768180212,TRUE,TRUE,TRUE,FALSE
"post_16",3.7,2,1.3,0.859093492933926,0.949811926629119,0.754263681566613,TRUE,TRUE,TRUE,FALSE
"post_17",3.8,2,1.3,0.867419040757616,0.952335015175986,0.744304926906947,TRUE,TRUE,TRUE,FALSE
"post_18",3.7,1.9,1.3,0.874265956977689,0.954990296141747,0.76750163837893,TRUE,TRUE,TRUE,FALSE
"post_19",3.7,2,1.4,0.880817244898203,0.945616866465674,0.780440515494729,TRUE,TRUE,TRUE,FALSE
"post_20",4.9,8.8,1.8,0.953416042063867,0.929667827723678,0.720435947587658,FALSE,FALSE,FALSE,FALSE
"post_21",3.4,1.9,1.3,0.901582899171031,0.957136450406665,0.802936363042964,FALSE,FALSE,TRUE,FALSE
"post_22",3.4,2.4,1.3,0.877728972977255,0.94875451859278,0.756285236057506,TRUE,TRUE,TRUE,FALSE
"post_23",4.2,1.6,1.1,0.805112000212269,0.924603317696779,0.698808644885136,TRUE,TRUE,TRUE,TRUE
"post_24",3.7,2,1.3,0.899879148932011,0.95745435678741,0.791746531024879,TRUE,TRUE,TRUE,FALSE
"post_25",3.6,1.9,1.5,0.898755191944732,0.942791063900692,0.803186523037413,TRUE,TRUE,TRUE,FALSE
"post_26",3.6,1.9,1.4,0.863397078477794,0.938624503999673,0.769699588299239,TRUE,TRUE,TRUE,FALSE
"post_27",3.4,1.8,1.3,0.866719817654122,0.942232559381063,0.758187751462293,TRUE,TRUE,TRUE,FALSE
"post_28",3.4,1.8,1.2,0.868486599843877,0.944991846995294,0.772718555658294,TRUE,TRUE,TRUE,FALSE
"post_29",3.4,1.8,1.3,0.835773880511252,0.931330928490997,0.765144703843659,TRUE,TRUE,TRUE,FALSE
"post_30",3.6,1.9,1.3,0.857306988139275,0.950763386005946,0.75503600193374,TRUE,TRUE,TRUE,FALSE
"post_31",3.6,1.9,1.3,0.879486790722817,0.95570868967003,0.77445381502125,TRUE,TRUE,TRUE,FALSE
"post_32",3.3,1.8,1.3,0.876270344822022,0.958332299123823,0.763145340604118,TRUE,TRUE,TRUE,FALSE
"post_33",3.2,1.8,1.3,0.863092580136075,0.943897395372706,0.788246551211005,TRUE,TRUE,TRUE,TRUE
"post_34",3.6,2,1.3,0.892665171108176,0.958669686560731,0.778347322947327,TRUE,TRUE,TRUE,FALSE
"post_35",3.6,1.9,1.3,0.873513044243104,0.951334168668529,0.773669846190478,TRUE,TRUE,TRUE,FALSE
"post_36",4.9,9,1.9,0.959827967395663,0.93650181298659,0.705806950430988,FALSE,FALSE,FALSE,FALSE
"post_37",2.6,1.5,1.2,0.861634419617047,0.9207861280953,0.824299526763825,TRUE,TRUE,TRUE,TRUE
"post_38",3.5,1.9,1.4,0.87528896802254,0.948591833619673,0.775073766467922,TRUE,TRUE,TRUE,FALSE
"post_39",4.8,9.8,1.9,0.95124771401825,0.931332566703941,0.712951458621224,FALSE,FALSE,TRUE,FALSE
"post_40",3.4,1.9,1.3,0.89452827057077,0.95934538690543,0.785411839414933,TRUE,TRUE,TRUE,FALSE
"post_41",3.5,1.9,1.3,0.865347102394404,0.956879722274496,0.747020586479889,TRUE,TRUE,TRUE,FALSE
"post_42",3.5,1.9,1.3,0.83948561863397,0.944002555728521,0.75000625775271,TRUE,TRUE,TRUE,FALSE
"post_43",3.4,1.9,1.3,0.845484672851039,0.948328040732752,0.74556629843184,TRUE,TRUE,TRUE,FALSE
"post_44",3.4,1.8,1.3,0.826373714015539,0.939765087816367,0.770319376787922,TRUE,FALSE,TRUE,FALSE
"post_45",3.3,1.8,1.3,0.890062074405649,0.952480174275942,0.801203261417578,TRUE,TRUE,TRUE,FALSE
"post_46",3.5,1.9,1.4,0.888370533369472,0.94510978628315,0.781745371120716,TRUE,TRUE,TRUE,FALSE
"post_47",5,9.5,1.9,0.949818909719077,0.931313730310156,0.703092792941378,FALSE,FALSE,FALSE,FALSE
"post_48",3.5,1.9,1.3,0.892018249954941,0.959201983045223,0.784015364387483,TRUE,TRUE,TRUE,FALSE
"post_49",3.5,1.9,1.3,0.882806868801084,0.944952172293593,0.790132327034332,TRUE,TRUE,TRUE,FALSE
"post_50",3,1.6,1.3,0.837623769941583,0.948744185856201,0.762630393559843,TRUE,TRUE,TRUE,TRUE
"post_51",5,9.6,1.9,0.963140893703136,0.944066266433246,0.692315511844279,FALSE,FALSE,FALSE,FALSE
"post_52",3.1,1.7,1.3,0.867183257493076,0.953600818495732,0.77881151482436,TRUE,TRUE,TRUE,TRUE
"post_53",3.6,1.7,1.2,0.805008497486146,0.934011296251812,0.728854354601664,TRUE,TRUE,TRUE,FALSE
"post_54",3.4,1.9,1.3,0.895889448599151,0.954153818104401,0.797698531289449,TRUE,TRUE,TRUE,FALSE
"post_55",5,9.4,1.9,0.957184775237911,0.935005066190179,0.700320755776935,FALSE,FALSE,FALSE,FALSE
"post_56",3.1,1.7,1.4,0.89558662589692,0.946281433216053,0.813486316825131,TRUE,TRUE,TRUE,TRUE
"post_57",4.9,9.2,1.9,0.960766676976555,0.937255689050344,0.695751089303066,FALSE,FALSE,FALSE,FALSE
"post_58",3.3,1.8,1.2,0.846959302244923,0.952764015282591,0.76836835988991,TRUE,TRUE,TRUE,FALSE
"post_59",3.4,3.4,1.3,0.926874677069094,0.947078846681965,0.788032824814485,TRUE,TRUE,TRUE,FALSE
"post_60",3.3,1.8,1.3,0.863539759131345,0.945366636103032,0.776034242977956,TRUE,TRUE,TRUE,FALSE
"post_61",2.9,1.6,1.2,0.875925606194236,0.959195651572729,0.783116028678543,TRUE,TRUE,TRUE,TRUE
"post_62",3.1,1.7,1.3,0.827775219651788,0.937975398782602,0.78198837447071,TRUE,TRUE,TRUE,FALSE
"post_63",4.3,1.5,1.1,0.778717539086535,0.917479624042777,0.687814679679247,TRUE,TRUE,TRUE,TRUE
"post_64",3.3,1.9,1.5,0.858825706427819,0.939356784314661,0.783792531229178,TRUE,TRUE,TRUE,FALSE
"post_65",3,1.6,1.3,0.893212477173397,0.955410402134219,0.806649159199983,TRUE,TRUE,TRUE,TRUE
"post_66",3.2,1.8,1.3,0.879807096502436,0.946455684058476,0.790411277515875,TRUE,TRUE,TRUE,FALSE
"post_67",3,1.8,1.3,0.885667434359636,0.941072466310762,0.79959758075052,TRUE,TRUE,TRUE,FALSE
"post_68",3.2,1.8,1.3,0.85483034118594,0.947524920154719,0.781096763660945,TRUE,TRUE,TRUE,FALSE
"post_69",3.1,1.7,1.4,0.86921272907353,0.934099115520628,0.824355559302641,TRUE,TRUE,TRUE,TRUE
"post_70",3.2,1.8,1.3,0.845992929169924,0.93510986143299,0.759397070438098,TRUE,TRUE,TRUE,FALSE
"post_71",3.5,1.9,1.3,0.881534374171162,0.949948357340232,0.786133694069796,TRUE,TRUE,TRUE,FALSE
"post_72",5,10.4,2,0.951699307494706,0.931532967723554,0.700151613488551,FALSE,FALSE,FALSE,FALSE
"post_73",2.7,1.5,1.2,0.893117719805599,0.963532129295918,0.811359173626661,TRUE,TRUE,TRUE,TRUE
"post_74",3,1.7,1.3,0.833294336190303,0.942955546464362,0.791222304631518,TRUE,TRUE,TRUE,FALSE
"post_75",2.9,1.6,1.2,0.896219372890301,0.950144679613168,0.79367865475035,TRUE,TRUE,TRUE,TRUE
"post_76",3,1.6,1.3,0.864849261178281,0.939554844389126,0.799603771612411,TRUE,TRUE,TRUE,TRUE
"post_77",2.7,2.5,1.2,0.920856201569175,0.956368777869555,0.789500460549771,TRUE,TRUE,TRUE,TRUE
"post_78",5,10.4,1.9,0.956042927380622,0.929683894567631,0.689186989977709,FALSE,FALSE,FALSE,FALSE
"post_79",3,1.7,1.3,0.878423141624145,0.949491005971135,0.803098351556356,TRUE,TRUE,TRUE,TRUE
"post_80",3.1,1.8,1.3,0.883237433157456,0.933875694396125,0.808478643791279,TRUE,TRUE,TRUE,FALSE
"post_81",3.2,1.8,1.5,0.900057116737893,0.941474051454556,0.800295541926857,TRUE,TRUE,TRUE,FALSE
"post_82",3.2,1.8,1.4,0.892000628923846,0.933463612063993,0.804965528657886,TRUE,TRUE,TRUE,FALSE
"post_83",2.9,1.6,1.3,0.875025371797892,0.943038678652611,0.822507086827635,TRUE,TRUE,TRUE,FALSE
"post_84",3.2,1.8,1.3,0.865267620310734,0.943812817585773,0.795215535810063,TRUE,TRUE,TRUE,FALSE
"post_85",3.1,1.8,1.4,0.884771085295483,0.924436074061817,0.812118110024734,TRUE,TRUE,TRUE,FALSE
"post_86",3,3.8,1.2,0.947710878738759,0.936902304843147,0.795139066807767,TRUE,TRUE,TRUE,FALSE
"post_87",2.9,1.6,1.3,0.872508119462589,0.942306251656449,0.792622353530864,TRUE,FALSE,TRUE,FALSE
"post_88",5,10.8,2,0.956193733218578,0.938515468352451,0.688635708355785,FALSE,FALSE,FALSE,FALSE
"post_89",3,1.7,1.3,0.85997769404018,0.954558065553093,0.773063915416146,TRUE,TRUE,TRUE,FALSE
"post_90",3,1.8,1.3,0.892503904298745,0.938219293293302,0.827571014257475,TRUE,TRUE,TRUE,FALSE
"post_91",2.8,1.6,1.3,0.889439385797561,0.946991817834986,0.828189280507277,TRUE,TRUE,TRUE,TRUE
"post_92",3.1,1.8,1.3,0.888103726952967,0.943944202013404,0.789500405533038,TRUE,TRUE,TRUE,FALSE
"post_93",2.7,1.6,1.3,0.881577477852346,0.945256179343033,0.804174996286092,TRUE,TRUE,TRUE,TRUE
"post_94",2.9,1.7,1.3,0.887452168144259,0.93351652656903,0.811013289675513,TRUE,TRUE,TRUE,FALSE
"post_95",2.9,1.8,1.3,0.884568249804357,0.943560450759979,0.81004976321087,TRUE,TRUE,TRUE,FALSE
"post_96",2.9,1.7,1.3,0.877383658269988,0.940984625707857,0.803574139932198,TRUE,TRUE,TRUE,FALSE
"post_97",2.8,1.6,1.3,0.877690723801978,0.935650609668792,0.812592843344176,TRUE,TRUE,TRUE,TRUE
"post_98",2.8,1.7,1.3,0.903795346868058,0.940636430653675,0.840432911363824,TRUE,TRUE,TRUE,FALSE
"post_99",2.5,1.5,1.3,0.90365780040698,0.932144709242764,0.85464492641734,TRUE,TRUE,TRUE,TRUE
"post_100",2.4,1.5,1.3,0.898329136135842,0.9252593331471,0.843126173094625,TRUE,TRUE,TRUE,FALSE
