"tree_id","lambda","rho_seqdef","rho_priority","top10_seqdef","top10_priority","top1_is_target"
3,1,0.711299392924953,0.80348213559073,3,3,TRUE
3,1.5,0.747747898285661,0.848194477242577,3,5,TRUE
3,2,0.810953603765096,0.881679226415901,3,9,TRUE
3,2.5,0.845405182655813,0.911015274429284,3,9,TRUE
3,3,0.889706314326548,0.935589738286608,3,9,FALSE
3,3.5,0.931219187208676,0.959477658742329,10,9,FALSE
3,4,0.96302129602534,0.981068081746561,10,10,FALSE
3,4.5,0.992715896312821,0.996315756091046,10,10,FALSE
3,5,0.999505026399364,0.999755840756165,10,10,FALSE
3,5.5,0.995983607638816,0.998268505183813,10,10,FALSE
3,6,0.988075488152675,0.995190716011644,7,10,FALSE
3,6.5,0.98071107912909,0.992419898983252,7,10,FALSE
3,7,0.971003352090906,0.988489256596684,7,9,FALSE
3,7.5,0.96545261340754,0.986080990371304,7,9,FALSE
3,8,0.958960123563336,0.98343132965813,7,9,FALSE
3,8.5,0.952433621317547,0.978589561930268,7,9,FALSE
3,9,0.944763405324059,0.97559354821525,7,9,FALSE
3,9.5,0.939992822990735,0.973108466729837,5,9,FALSE
3,10,0.934662477759321,0.968416069740188,5,9,FALSE
3,10.5,0.928404844523991,0.965586584812173,5,9,FALSE
3,11,0.922090095280425,0.962720114758457,5,9,FALSE
3,11.5,0.917989434850323,0.960086391396361,5,9,FALSE
3,12,0.913602966701147,0.957036018493024,5,9,FALSE
3,12.5,0.906596594277939,0.95316069175979,5,9,FALSE
3,13,0.904517178764265,0.952621727046665,5,9,FALSE
3,13.5,0.902026827741332,0.951834243303375,5,9,FALSE
3,14,0.900056899084752,0.950839019435068,5,9,FALSE
3,14.5,0.897217004392217,0.950024513332346,5,9,FALSE
3,15,0.89445928947872,0.947031691302261,5,9,FALSE
3,15.5,0.892041581895353,0.946068065328244,5,9,FALSE
3,16,0.890271449380651,0.945988773706464,5,9,FALSE
3,16.5,0.888439458484468,0.945047107620603,5,9,FALSE
3,17,0.883043981449352,0.945044135653265,5,9,FALSE
3,17.5,0.882259763343185,0.944253969019808,5,9,FALSE
3,18,0.880484625220537,0.944054517623883,5,9,FALSE
3,18.5,0.879599791720507,0.943826408667296,5,9,FALSE
3,19,0.878747304228727,0.943472188730041,5,9,FALSE
3,19.5,0.876958601254385,0.942640162992456,5,9,FALSE
3,20,0.875267410603788,0.942218426787563,5,9,TRUE
3,20.5,0.873727517055932,0.94196255540332,5,9,TRUE
3,21,0.872703022762231,0.941786659532059,5,9,TRUE
3,21.5,0.87123386603075,0.94149760436359,5,9,TRUE
3,22,0.869153380639886,0.941227078928628,5,9,TRUE
3,22.5,0.867328630472179,0.941059351916913,5,9,TRUE
3,23,0.866686160232645,0.94091218641164,4,9,TRUE
3,23.5,0.866481248183931,0.940859156407639,4,9,TRUE
3,24,0.865222755586369,0.940736998867082,4,9,TRUE
3,24.5,0.864234473255136,0.940660065528769,4,9,TRUE
3,25,0.863829029078544,0.940504425376028,4,9,TRUE
5,1,0.882841578066394,0.906566500967464,3,4,TRUE
5,1.5,0.905045639785662,0.940101398310694,3,9,TRUE
5,2,0.934479655640834,0.967456563651202,3,10,TRUE
5,2.5,0.965329173964733,0.984676023777547,3,10,TRUE
5,3,0.993760493444616,0.99735415957297,3,10,TRUE
5,3.5,0.999098115931657,0.999772327894451,10,9,TRUE
5,4,0.986922545975386,0.996219726254423,9,9,TRUE
5,4.5,0.970051794181393,0.991044882808488,6,9,TRUE
5,5,0.956780946735802,0.985335407577085,6,9,TRUE
5,5.5,0.94168873685837,0.97998607912805,4,9,FALSE
5,6,0.925632011695853,0.976831878996201,4,9,FALSE
5,6.5,0.907649691509149,0.972496815446238,4,9,FALSE
5,7,0.896239229688992,0.969436218425242,4,9,FALSE
5,7.5,0.883165941581976,0.963201908230766,4,9,FALSE
5,8,0.875494519765651,0.961511644264851,4,9,FALSE
5,8.5,0.868960196494705,0.960391725482912,4,9,FALSE
5,9,0.862366387930718,0.959283620867307,4,9,FALSE
5,9.5,0.855102203871135,0.958109248597164,4,9,FALSE
5,10,0.848074739405659,0.957065695599446,4,9,FALSE
5,10.5,0.845169871473465,0.9561148524779,4,9,FALSE
5,11,0.840031863888092,0.952768842403421,4,9,FALSE
5,11.5,0.835458211060811,0.950933291061074,4,9,FALSE
5,12,0.832887006524219,0.949808510448421,4,9,FALSE
5,12.5,0.819576886776272,0.942937040306021,4,9,FALSE
5,13,0.817737471373261,0.942402751387523,4,9,FALSE
5,13.5,0.815375832459058,0.941889636361297,4,9,FALSE
5,14,0.811621100074008,0.940491883593468,4,9,FALSE
5,14.5,0.81095113825162,0.939998661274722,4,9,FALSE
5,15,0.80988397429142,0.939726129960006,4,9,FALSE
5,15.5,0.806369646390024,0.938147528404123,4,9,FALSE
5,16,0.805252269428398,0.937779143722592,4,9,FALSE
5,16.5,0.802695118882443,0.937316012227769,4,9,FALSE
5,17,0.799940599480335,0.937146360373382,4,9,FALSE
5,17.5,0.799392141215586,0.937047925158695,4,9,FALSE
5,18,0.798712886136459,0.936890088688564,4,9,FALSE
5,18.5,0.797957394437941,0.936666288710429,4,9,FALSE
5,19,0.797516459413047,0.936546632928719,4,9,FALSE
5,19.5,0.796456077984234,0.936288370197399,4,9,FALSE
5,20,0.79624805750081,0.936197583683688,4,9,FALSE
5,20.5,0.795658311207719,0.936108569408256,4,9,FALSE
5,21,0.792617417651941,0.93579499836886,4,9,FALSE
5,21.5,0.792202749536576,0.935724729181127,4,9,FALSE
5,22,0.791878536532493,0.935491512907542,4,9,FALSE
5,22.5,0.78632759850399,0.933177121636579,4,9,FALSE
5,23,0.783263686738802,0.932055877991475,4,9,FALSE
5,23.5,0.782782469633744,0.93201455399656,4,9,FALSE
5,24,0.782552770336084,0.932002922371711,4,9,FALSE
5,24.5,0.782016494700698,0.931865499900204,4,9,FALSE
5,25,0.781032037012024,0.931650089434647,4,9,FALSE
18,1,0.853587983597524,0.879069139815727,3,3,TRUE
18,1.5,0.879570936949314,0.920564733113702,3,3,TRUE
18,2,0.900781427333869,0.947865960109017,3,4,TRUE
18,2.5,0.942722817682967,0.972379452821016,3,8,TRUE
18,3,0.977834857269254,0.99069274370425,5,10,TRUE
18,3.5,0.997715218092453,0.999127642117988,10,10,TRUE
18,4,0.997831949079048,0.999223736474858,10,9,TRUE
18,4.5,0.990110503188829,0.996914252614626,7,9,TRUE
18,5,0.975953629099839,0.993570812333232,7,9,TRUE
18,5.5,0.965279647095233,0.989862043323522,7,9,TRUE
18,6,0.953773081312214,0.984756177332741,7,9,TRUE
18,6.5,0.942764138963835,0.979599265924496,5,9,TRUE
18,7,0.928476645562276,0.969807504828351,5,9,TRUE
18,7.5,0.919119375047961,0.966172685000417,5,9,TRUE
18,8,0.912720431725777,0.96380588909044,5,9,TRUE
18,8.5,0.903036626405929,0.960171582120128,5,9,TRUE
18,9,0.897264271082564,0.958833631447642,5,9,TRUE
18,9.5,0.88925557785264,0.955425503825138,5,9,TRUE
18,10,0.883838779540076,0.952904552176842,5,9,TRUE
18,10.5,0.881205457435699,0.951960830934971,5,9,TRUE
18,11,0.877194654908365,0.951050876386559,5,9,TRUE
18,11.5,0.874536184146989,0.95012153914541,5,9,TRUE
18,12,0.872158562934291,0.949113523783809,5,9,TRUE
18,12.5,0.871281597137169,0.948887480496994,5,9,TRUE
18,13,0.865442960745012,0.947568649451057,5,9,TRUE
18,13.5,0.86388336390037,0.947356618098406,5,9,TRUE
18,14,0.861525020901372,0.94684578949561,5,9,TRUE
18,14.5,0.860193152794998,0.946154576276348,5,9,TRUE
18,15,0.858918074695772,0.945754095022077,5,9,TRUE
18,15.5,0.857207517583938,0.945727974455766,5,9,TRUE
18,16,0.853903985415853,0.944994251050708,5,9,TRUE
18,16.5,0.848937042775389,0.943076323823039,5,9,TRUE
18,17,0.84847820134712,0.94296053780954,5,9,TRUE
18,17.5,0.846599190472212,0.942167555611236,5,9,TRUE
18,18,0.845550528473752,0.942093828295201,5,9,TRUE
18,18.5,0.843796304253352,0.943387044246339,5,9,TRUE
18,19,0.839483325982516,0.942752536697973,5,9,TRUE
18,19.5,0.83868542416953,0.942710654261187,5,9,TRUE
18,20,0.838540114423124,0.942684114381453,5,9,TRUE
18,20.5,0.838104509244072,0.94259219735223,5,9,TRUE
18,21,0.836024802536451,0.942422543800909,5,9,TRUE
18,21.5,0.835732494705995,0.942289258525899,5,9,TRUE
18,22,0.834735294996056,0.941747827884805,5,9,TRUE
18,22.5,0.834166596310243,0.941663840113542,5,9,TRUE
18,23,0.833877990173768,0.941677577301652,5,9,TRUE
18,23.5,0.833032983048791,0.941455493658789,5,9,TRUE
18,24,0.832572798997117,0.941445176772051,5,9,TRUE
18,24.5,0.832017531356253,0.941244144285809,5,9,TRUE
18,25,0.831483845182363,0.941179010084354,5,9,TRUE
20,1,0.744255636452028,0.806828982875073,3,3,FALSE
20,1.5,0.778081702034478,0.847585501154229,3,3,FALSE
20,2,0.814330058501674,0.875753011351696,3,3,FALSE
20,2.5,0.865980027491068,0.909526345302994,3,4,FALSE
20,3,0.905463406402202,0.937583544228569,3,5,FALSE
20,3.5,0.943778437276308,0.967992181896431,9,6,FALSE
20,4,0.975339939044301,0.985941194795957,10,6,FALSE
20,4.5,0.993383704480486,0.996112082522726,10,9,FALSE
20,5,0.999547661715544,0.999674805959898,10,10,FALSE
20,5.5,0.995057435762462,0.996730967938588,10,10,FALSE
20,6,0.983995604173577,0.991439814781622,7,10,FALSE
20,6.5,0.961531144729802,0.98409530052451,7,9,FALSE
20,7,0.949451994518684,0.980550058501531,7,9,FALSE
20,7.5,0.940158269045449,0.976391717960442,7,9,FALSE
20,8,0.934162821575353,0.971140646620896,7,9,FALSE
20,8.5,0.924137564705769,0.965031733320054,7,9,FALSE
20,9,0.913143033298243,0.960177999827318,5,9,FALSE
20,9.5,0.906243268700706,0.955595349286457,5,9,FALSE
20,10,0.90069392387794,0.953534935615145,5,9,FALSE
20,10.5,0.895452161946298,0.951343558701728,5,9,FALSE
20,11,0.889902916539564,0.947113050552706,5,9,FALSE
20,11.5,0.886809243515228,0.946109427028127,5,9,FALSE
20,12,0.880010901595851,0.944602712513875,5,9,FALSE
20,12.5,0.87669986952351,0.941521903027822,5,9,FALSE
20,13,0.873842478514784,0.940979366681446,5,9,FALSE
20,13.5,0.87034072885755,0.940198809728346,5,9,FALSE
20,14,0.867552371305084,0.939664404067329,5,9,FALSE
20,14.5,0.86244516794718,0.938590471499251,5,9,FALSE
20,15,0.85571595988526,0.937887268217925,5,9,FALSE
20,15.5,0.851208995805167,0.936704435918605,5,9,FALSE
20,16,0.849456333020758,0.935580825897555,5,9,FALSE
20,16.5,0.84636969087214,0.934731204177117,5,9,FALSE
20,17,0.838957930054728,0.933752661779884,5,9,FALSE
20,17.5,0.837907531835603,0.933070773092645,5,9,FALSE
20,18,0.83713853586932,0.932579000873117,5,9,FALSE
20,18.5,0.83488913248987,0.932199908803155,5,9,FALSE
20,19,0.833883580843259,0.931899933300462,5,9,FALSE
20,19.5,0.832341163500461,0.931427320386205,5,9,FALSE
20,20,0.831340168669851,0.931284451942763,5,9,FALSE
20,20.5,0.830506846000722,0.931103867555038,5,9,FALSE
20,21,0.828760648951903,0.930807218320088,5,9,FALSE
20,21.5,0.82813088952692,0.930596946581927,5,9,FALSE
20,22,0.826362670280173,0.929827544173408,5,9,FALSE
20,22.5,0.824899426176927,0.929453967850605,5,9,FALSE
20,23,0.823741331069422,0.9291447815398,5,9,FALSE
20,23.5,0.823502512930896,0.9289784323092,5,9,FALSE
20,24,0.823005526648201,0.928912189005064,5,9,FALSE
20,24.5,0.822696810591178,0.928834649811124,5,9,FALSE
20,25,0.822414771223994,0.928767030290578,5,9,FALSE
24,1,0.86040440834206,0.888484490996338,3,1,TRUE
24,1.5,0.883380217762626,0.929575420216102,3,3,TRUE
24,2,0.906448108331057,0.953136717714137,3,4,TRUE
24,2.5,0.946259700623221,0.976004404779454,3,9,TRUE
24,3,0.980323160603869,0.99272605755048,5,9,TRUE
24,3.5,0.996806055435216,0.999276565019462,10,10,TRUE
24,4,0.996489322908298,0.998940856580953,10,10,TRUE
24,4.5,0.988543212224048,0.99542207463102,7,10,TRUE
24,5,0.976486532548081,0.990286816537135,7,10,TRUE
24,5.5,0.967241197449877,0.987380092658547,7,10,TRUE
24,6,0.955813505605414,0.981360874564512,7,10,TRUE
24,6.5,0.945793872454216,0.976266745081826,5,10,TRUE
24,7,0.930758972801962,0.967890411384973,5,10,TRUE
24,7.5,0.924409552759849,0.96523657784258,5,10,TRUE
24,8,0.911952624780237,0.960960184356468,5,10,TRUE
24,8.5,0.906716161344153,0.958517441319971,5,10,TRUE
24,9,0.90116744820849,0.956831984899622,5,10,TRUE
24,9.5,0.895591213397353,0.953647580359061,5,10,TRUE
24,10,0.891204057452477,0.952697527726357,5,10,TRUE
24,10.5,0.888496745372101,0.951529184592595,5,10,TRUE
24,11,0.887784287980811,0.951270375764597,5,10,TRUE
24,11.5,0.886370638496739,0.951112984592567,5,10,TRUE
24,12,0.883193731388263,0.949747220789301,5,10,TRUE
24,12.5,0.881136841070904,0.949419627153913,5,10,TRUE
24,13,0.87948367967435,0.949264735972355,5,10,TRUE
24,13.5,0.877579334165308,0.949632481072642,5,10,TRUE
24,14,0.875827218341625,0.949104547492264,5,10,TRUE
24,14.5,0.87446097137558,0.94889583357744,5,10,TRUE
24,15,0.872632264476712,0.94837445047974,5,10,TRUE
24,15.5,0.870411670748933,0.948149477614238,5,10,TRUE
24,16,0.867478365319817,0.947646323587942,5,10,TRUE
24,16.5,0.862511898323017,0.945463023039731,5,10,TRUE
24,17,0.86179442645088,0.945271929322501,5,10,TRUE
24,17.5,0.856500947742631,0.944282995291576,5,10,TRUE
24,18,0.856183825858734,0.944182351765977,5,10,TRUE
24,18.5,0.85542380906317,0.944125220205316,5,10,TRUE
24,19,0.855324397374054,0.944109585090726,5,10,TRUE
24,19.5,0.855007445703047,0.944055644237321,5,10,TRUE
24,20,0.854287280501325,0.943905043549707,5,10,TRUE
24,20.5,0.848369771906229,0.941988873387322,5,10,TRUE
24,21,0.847454786394584,0.941789918006389,5,10,TRUE
24,21.5,0.84563205649351,0.941735776404015,5,10,TRUE
24,22,0.845266900145912,0.941634763232281,5,10,TRUE
24,22.5,0.845127592531784,0.941577019343637,5,10,TRUE
24,23,0.844760470583259,0.941524432962381,5,10,TRUE
24,23.5,0.844614670259405,0.941464981560439,5,10,TRUE
24,24,0.844723782063008,0.941533365234994,5,10,TRUE
24,24.5,0.843557408658904,0.941242637502694,5,10,TRUE
24,25,0.842775993640644,0.941131873634733,5,10,TRUE
25,1,0.86596900790837,0.900677736089493,3,2,TRUE
25,1.5,0.889071332310747,0.934784060833401,3,3,TRUE
25,2,0.91658497877661,0.957845771438808,3,5,TRUE
25,2.5,0.951699152552687,0.979657287623962,3,8,TRUE
25,3,0.985855026602872,0.994297764632788,6,9,TRUE
25,3.5,0.999385319651744,0.999752656288709,10,9,TRUE
25,4,0.995950773974435,0.998515118503519,7,10,TRUE
25,4.5,0.979654414415057,0.993148410140941,7,10,TRUE
25,5,0.967026658674417,0.98864868618636,7,10,TRUE
25,5.5,0.952247326725571,0.983749786187659,7,10,TRUE
25,6,0.936676009136846,0.977491225560252,7,10,TRUE
25,6.5,0.923778296343611,0.972130822130456,5,10,TRUE
25,7,0.915671848246255,0.968738009988913,5,10,TRUE
25,7.5,0.904812290180551,0.964692241955581,5,10,TRUE
25,8,0.895765577230065,0.961250781019483,5,10,TRUE
25,8.5,0.887432065293735,0.959347650730067,5,10,TRUE
25,9,0.879425603649204,0.956978816226138,5,10,TRUE
25,9.5,0.874660748411709,0.953984682928769,5,10,TRUE
25,10,0.870847375125059,0.952696064701687,5,10,TRUE
25,10.5,0.86667016337352,0.951578473770167,5,10,TRUE
25,11,0.864063037284743,0.950963959743508,5,10,TRUE
25,11.5,0.860368126438873,0.950026717352927,5,10,TRUE
25,12,0.859216160061489,0.949656936098829,5,10,TRUE
25,12.5,0.854982738246844,0.948637752132239,5,10,TRUE
25,13,0.851884174899414,0.948450308592694,5,10,TRUE
25,13.5,0.851861930124465,0.948971164738821,5,10,TRUE
25,14,0.849122455766301,0.948584535549464,5,10,TRUE
25,14.5,0.847745500701767,0.948159498404193,5,10,TRUE
25,15,0.844913953644781,0.946813233697772,5,10,TRUE
25,15.5,0.843011325138457,0.946443069468373,5,10,TRUE
25,16,0.841787251380372,0.946269044931677,5,10,TRUE
25,16.5,0.840493492059849,0.946179952466754,5,10,TRUE
25,17,0.839507614525745,0.945960956699529,5,10,TRUE
25,17.5,0.838914399466189,0.945866984670187,5,10,TRUE
25,18,0.838469874631215,0.945673721837971,5,10,TRUE
25,18.5,0.837238115415611,0.94510510210216,5,10,TRUE
25,19,0.83610061573198,0.944962852174246,5,10,TRUE
25,19.5,0.829520375941584,0.943515508034992,5,10,TRUE
25,20,0.829306022937774,0.943404400101777,5,10,TRUE
25,20.5,0.828996006416246,0.943391552408564,5,10,TRUE
25,21,0.818201010959322,0.937538258557477,5,10,TRUE
25,21.5,0.815628086679893,0.937055053917015,5,10,TRUE
25,22,0.815388473837762,0.936964829681636,5,10,TRUE
25,22.5,0.815050193631693,0.936875114736675,5,10,TRUE
25,23,0.814035661386985,0.936779096807605,5,10,TRUE
25,23.5,0.813445724922716,0.936650390423791,5,10,TRUE
25,24,0.812724280539545,0.936507970844625,5,10,TRUE
25,24.5,0.808955229532834,0.935512778744974,5,10,TRUE
25,25,0.808743029863823,0.935432644752542,5,10,TRUE
26,1,0.857299174622085,0.877369326720691,3,3,FALSE
26,1.5,0.882389132258331,0.91567285833732,3,3,TRUE
26,2,0.903502426000005,0.946623148680784,3,4,TRUE
26,2.5,0.942646993758005,0.973507112741568,3,5,TRUE
26,3,0.982540198784893,0.992909687792343,6,9,TRUE
26,3.5,0.999327017223444,0.999815065068756,10,9,TRUE
26,4,0.994015805211429,0.997536470523953,10,10,TRUE
26,4.5,0.97776380828828,0.992157474854594,6,10,TRUE
26,5,0.963564556381747,0.988087005353524,6,9,TRUE
26,5.5,0.948141723748901,0.984307453787238,6,9,TRUE
26,6,0.936695613971072,0.976360603120179,6,9,TRUE
26,6.5,0.922794857402896,0.969186966895145,6,9,TRUE
26,7,0.908567792931242,0.964219382231659,6,9,TRUE
26,7.5,0.895688910066449,0.960979211279009,6,9,TRUE
26,8,0.885216310709492,0.956114882686787,4,9,TRUE
26,8.5,0.878202741215896,0.954784156361993,4,9,TRUE
26,9,0.866968719969599,0.950009282552205,4,9,TRUE
26,9.5,0.862925491393197,0.949458989478522,4,9,TRUE
26,10,0.858187180604523,0.948322732385797,4,9,TRUE
26,10.5,0.855932397425711,0.948164807742736,4,9,TRUE
26,11,0.841816365510071,0.942047921705901,4,9,TRUE
26,11.5,0.83780330143118,0.940941366074794,4,9,TRUE
26,12,0.833627153983743,0.940145801667594,4,9,TRUE
26,12.5,0.829520915351909,0.938556528244631,4,9,TRUE
26,13,0.828179845229246,0.938255625867798,4,9,TRUE
26,13.5,0.823231180694992,0.937350063056104,4,9,TRUE
26,14,0.819601873227379,0.936565133143481,4,9,TRUE
26,14.5,0.81880464511555,0.936506499303062,4,9,TRUE
26,15,0.817849269122136,0.937715052632821,4,9,TRUE
26,15.5,0.811171703562175,0.935022008714928,4,9,TRUE
26,16,0.806699183537055,0.933448821375173,4,9,TRUE
26,16.5,0.804928305631411,0.932076969057152,4,9,TRUE
26,17,0.803022064601392,0.931756725200021,4,9,TRUE
26,17.5,0.798892160586138,0.930786636802921,4,9,TRUE
26,18,0.797798906697753,0.93067448456255,4,9,TRUE
26,18.5,0.796383604222475,0.930464068029881,4,9,TRUE
26,19,0.79476049604345,0.930258967085938,4,9,TRUE
26,19.5,0.793770556395829,0.930170951150813,4,9,TRUE
26,20,0.793391838099568,0.930117249848436,4,9,TRUE
26,20.5,0.793016535544507,0.930075317784669,4,9,TRUE
26,21,0.792148437997649,0.929951784783059,4,9,TRUE
26,21.5,0.791813761567935,0.92986194215813,4,9,TRUE
26,22,0.791374293706992,0.92978465411979,4,9,TRUE
26,22.5,0.791055085306913,0.929745283455022,4,9,TRUE
26,23,0.790098688547374,0.929627927706885,4,9,TRUE
26,23.5,0.789957597816793,0.92961926503166,4,9,TRUE
26,24,0.789502002873396,0.929579668789694,4,9,TRUE
26,24.5,0.789227679980361,0.929493262432737,4,9,TRUE
26,25,0.789108744841794,0.929473256803627,4,9,TRUE
27,1,0.874935746780753,0.88047411620634,3,3,TRUE
27,1.5,0.891972449144647,0.922667487239654,3,3,TRUE
27,2,0.914419302856703,0.951163761966948,3,4,TRUE
27,2.5,0.954347820411533,0.978603689334781,5,7,TRUE
27,3,0.989507602493707,0.995682761570943,5,10,TRUE
27,3.5,0.998774287980247,0.999382835447805,10,10,TRUE
27,4,0.988632593998469,0.995565149310792,7,10,TRUE
27,4.5,0.972181922448871,0.989712345713543,7,9,TRUE
27,5,0.95497055058589,0.985421812652284,7,9,TRUE
27,5.5,0.939942961205472,0.977771367918861,7,9,TRUE
27,6,0.926520555453581,0.971616018716219,7,9,TRUE
27,6.5,0.914936285825961,0.967512472229568,7,9,TRUE
27,7,0.900401534646323,0.963011294704414,5,9,TRUE
27,7.5,0.892319470907156,0.959816159970422,5,9,TRUE
27,8,0.874965537808487,0.951723165535612,5,9,TRUE
27,8.5,0.861741313194625,0.949174889602656,5,9,TRUE
27,9,0.857033146399344,0.94799168413617,5,9,TRUE
27,9.5,0.846841911299005,0.942974044196702,5,9,TRUE
27,10,0.841974885406819,0.942334303151636,5,9,FALSE
27,10.5,0.839634533624155,0.941684700327229,5,9,FALSE
27,11,0.832994906898528,0.940390368755586,5,9,FALSE
27,11.5,0.828222024711642,0.939950354007626,5,9,FALSE
27,12,0.823796568895447,0.940091895477319,5,9,FALSE
27,12.5,0.818921258029843,0.939025526222373,5,9,FALSE
27,13,0.81751413781776,0.93859064639842,5,9,FALSE
27,13.5,0.815296469650957,0.938161065198239,5,9,FALSE
27,14,0.811641988386911,0.937365283187451,5,9,FALSE
27,14.5,0.810695698606371,0.93648553070043,5,9,FALSE
27,15,0.808698560786197,0.936240335863298,5,9,FALSE
27,15.5,0.806530800500306,0.935825918314277,5,9,FALSE
27,16,0.805485845530392,0.935680887837952,5,9,FALSE
27,16.5,0.801095971740509,0.934804325778195,5,9,FALSE
27,17,0.799988818735766,0.93467843770894,5,9,FALSE
27,17.5,0.798161458022315,0.934343875508425,5,9,FALSE
27,18,0.7960151242601,0.93354268780352,5,9,FALSE
27,18.5,0.795020816355519,0.933352133586034,5,9,FALSE
27,19,0.794336451409717,0.933261979125487,5,9,FALSE
27,19.5,0.793350448727742,0.933186687853398,5,9,FALSE
27,20,0.792722829976068,0.932998011083817,5,9,FALSE
27,20.5,0.786514181592759,0.930157375190295,5,9,FALSE
27,21,0.784313664594349,0.929760411111899,5,9,FALSE
27,21.5,0.784082179610215,0.929745919609704,5,9,FALSE
27,22,0.783908387341581,0.929574365728076,5,9,FALSE
27,22.5,0.782897658833603,0.929391119743797,5,9,FALSE
27,23,0.782242400170942,0.929205643047378,5,9,FALSE
27,23.5,0.780939050524302,0.929144913129848,5,9,FALSE
27,24,0.77921960162016,0.928137367719429,5,9,FALSE
27,24.5,0.778400968438532,0.928078325581043,5,9,FALSE
27,25,0.777842712622597,0.928027735063215,5,9,FALSE
34,1,0.866714453923424,0.887052142571617,3,3,TRUE
34,1.5,0.889621580264351,0.927496615145617,3,3,TRUE
34,2,0.908242786692906,0.952421273518154,3,4,TRUE
34,2.5,0.948601308892374,0.977656580006384,3,5,TRUE
34,3,0.981841860457374,0.993022246905915,5,5,TRUE
34,3.5,0.999621158691168,0.999847127680703,10,10,TRUE
34,4,0.995404580229484,0.998413182514443,10,10,TRUE
34,4.5,0.984021651406562,0.995014126145949,6,9,TRUE
34,5,0.968067867142048,0.991149656790707,6,9,TRUE
34,5.5,0.955933354320966,0.986530139272601,6,9,TRUE
34,6,0.946381328155938,0.982236450179566,6,9,TRUE
34,6.5,0.936182065312663,0.979504211905642,5,9,TRUE
34,7,0.917503736799991,0.972218126986455,5,9,TRUE
34,7.5,0.910522688638267,0.968651709528153,5,9,TRUE
34,8,0.902188000452877,0.964525394395824,5,9,TRUE
34,8.5,0.890793810297089,0.962322120240545,5,9,TRUE
34,9,0.886174619255863,0.961137206887104,5,9,TRUE
34,9.5,0.879196317315788,0.957770596927256,5,9,TRUE
34,10,0.876907288655965,0.956230741881232,5,9,TRUE
34,10.5,0.871974609941825,0.953632638360637,5,9,TRUE
34,11,0.869347862798049,0.952206505881247,5,9,TRUE
34,11.5,0.865203879944445,0.951324871111737,5,9,TRUE
34,12,0.859609238830115,0.950561557433416,5,9,TRUE
34,12.5,0.856686562154425,0.949535357631649,5,9,TRUE
34,13,0.852059072080559,0.947541488225016,5,9,TRUE
34,13.5,0.849125555973075,0.946831695087443,5,9,TRUE
34,14,0.845602392929402,0.946177605796088,5,9,TRUE
34,14.5,0.839033955692052,0.943877831422455,5,9,TRUE
34,15,0.836743175981805,0.94328785490355,5,9,TRUE
34,15.5,0.835739690174993,0.943364331363408,5,9,TRUE
34,16,0.834927790364387,0.944734784968888,5,9,TRUE
34,16.5,0.833599258675373,0.94447474435563,5,9,TRUE
34,17,0.832677621460933,0.944284739082994,5,9,TRUE
34,17.5,0.831801476205586,0.944141931554826,5,9,TRUE
34,18,0.831001958535018,0.943906388643303,5,9,TRUE
34,18.5,0.829739108669158,0.94373175791671,5,9,TRUE
34,19,0.829176377642457,0.943467798206001,5,9,TRUE
34,19.5,0.82800502647961,0.94329198438122,5,9,TRUE
34,20,0.827657802495655,0.94316530127538,5,9,TRUE
34,20.5,0.827123880420591,0.943076125247473,5,9,TRUE
34,21,0.825556065081317,0.942603540269047,5,9,TRUE
34,21.5,0.825291942175664,0.942599379822555,5,9,TRUE
34,22,0.824775386013801,0.942573672833915,5,9,TRUE
34,22.5,0.824264135798302,0.942511174921317,5,9,TRUE
34,23,0.824063236118483,0.942434926727184,5,9,TRUE
34,23.5,0.822959340130936,0.942399229842034,5,9,TRUE
34,24,0.82204137585604,0.94228981231991,5,9,TRUE
34,24.5,0.821597041466813,0.94227852132848,5,9,TRUE
34,25,0.8208175595093,0.942130561388493,5,9,TRUE
36,1,0.759206384623611,0.805433006461378,3,3,FALSE
36,1.5,0.785329598234257,0.842516605596136,3,3,FALSE
36,2,0.819678192999684,0.877248585139051,3,3,FALSE
36,2.5,0.854358413652186,0.91187700319756,3,4,FALSE
36,3,0.910342251785404,0.941558559419494,3,4,FALSE
36,3.5,0.94531373448589,0.962176261705043,9,5,FALSE
36,4,0.977399408648607,0.982981447484144,10,5,FALSE
36,4.5,0.994080497616356,0.996176744087291,10,9,FALSE
36,5,0.999449583325247,0.999691350900322,10,10,FALSE
36,5.5,0.991239955441666,0.993988824496144,10,10,FALSE
36,6,0.982557686810811,0.988807457584784,7,10,FALSE
36,6.5,0.967925445589223,0.981945519913889,7,10,FALSE
36,7,0.955026657074445,0.977613255057961,7,9,FALSE
36,7.5,0.938742116828901,0.973227562196621,7,9,FALSE
36,8,0.930469629811391,0.969606675065879,7,9,FALSE
36,8.5,0.920480167812495,0.966159054538056,7,9,FALSE
36,9,0.912153569251192,0.960469582959327,5,9,FALSE
36,9.5,0.901623595172284,0.956485432902556,5,9,FALSE
36,10,0.895154078938013,0.953092607114795,5,9,FALSE
36,10.5,0.891468071741176,0.951722977479017,5,9,FALSE
36,11,0.887137748257711,0.950304217134731,5,9,FALSE
36,11.5,0.881256470560743,0.947270737535662,5,9,FALSE
36,12,0.874173630693722,0.944936433493234,5,9,FALSE
36,12.5,0.869018190555603,0.94359392131063,5,9,FALSE
36,13,0.864578603590157,0.941386249116576,5,9,FALSE
36,13.5,0.859980119231333,0.939059322351964,5,9,FALSE
36,14,0.850843124218444,0.938253625815209,5,9,FALSE
36,14.5,0.847038868774231,0.937375557631784,5,9,FALSE
36,15,0.842930861738835,0.936483579898305,5,9,FALSE
36,15.5,0.841376701966112,0.936141649984564,5,9,FALSE
36,16,0.83800523318683,0.934523251722298,5,9,FALSE
36,16.5,0.83679861458374,0.932360414887777,5,9,FALSE
36,17,0.834038169599846,0.931681328759668,5,9,FALSE
36,17.5,0.832118218954672,0.931163442229883,5,9,FALSE
36,18,0.83161554207868,0.930782224838761,5,9,FALSE
36,18.5,0.829822680661736,0.930032088007466,5,9,FALSE
36,19,0.829485975989684,0.929906295173456,5,9,FALSE
36,19.5,0.828296315023832,0.929455489772758,5,9,FALSE
36,20,0.827301220585171,0.928982427582203,5,9,FALSE
36,20.5,0.824257550715781,0.92811498414509,5,9,FALSE
36,21,0.822069806610858,0.927014152872391,5,9,FALSE
36,21.5,0.819250605770171,0.926548502511142,5,9,FALSE
36,22,0.818320422027639,0.926313017268959,5,9,FALSE
36,22.5,0.817996198323747,0.926240443028924,5,9,FALSE
36,23,0.81644635863153,0.925968304025295,5,9,FALSE
36,23.5,0.816202366623192,0.925921601222985,5,9,FALSE
36,24,0.815246982229391,0.925623810120083,5,9,FALSE
36,24.5,0.814556869234762,0.925547104641813,5,9,TRUE
36,25,0.814542816421474,0.925503721670013,5,9,TRUE
37,1,0.951516210283965,0.914338738601721,7,7,TRUE
37,1.5,0.964633312065704,0.9504829021046,7,8,TRUE
37,2,0.979026247705291,0.97920679303057,8,9,TRUE
37,2.5,0.998953054699849,0.999271259299086,10,10,TRUE
37,3,0.986971039179982,0.992905799154686,5,10,TRUE
37,3.5,0.962575849083728,0.982735950131723,2,5,TRUE
37,4,0.925854347345288,0.972220276775323,2,5,TRUE
37,4.5,0.887852650019086,0.963585475684462,2,4,TRUE
37,5,0.865883584223546,0.956139319271943,2,4,TRUE
37,5.5,0.841162485779209,0.947260135960485,2,4,TRUE
37,6,0.821404914828809,0.940830182242552,2,4,TRUE
37,6.5,0.803109938579057,0.937173571242852,0,4,TRUE
37,7,0.783762242514314,0.933455543458559,0,4,TRUE
37,7.5,0.774244818835058,0.93166498407899,0,4,TRUE
37,8,0.761832366058781,0.927845532346993,0,4,TRUE
37,8.5,0.744403480359606,0.918522404323109,0,4,TRUE
37,9,0.738200672592588,0.915894821037306,0,4,TRUE
37,9.5,0.721278297802279,0.912908028049759,0,4,TRUE
37,10,0.717707759510513,0.911321103306976,0,4,TRUE
37,10.5,0.711293365296355,0.908120390412593,0,4,TRUE
37,11,0.708771587781481,0.907866095336015,0,4,TRUE
37,11.5,0.704688722832205,0.906712432426996,0,4,TRUE
37,12,0.701137127991561,0.906175137567537,0,4,TRUE
37,12.5,0.697765932960389,0.905269234324637,0,4,TRUE
37,13,0.69405775871441,0.904402044380133,0,4,TRUE
37,13.5,0.690402426879479,0.90375464574091,0,4,TRUE
37,14,0.688524859790728,0.904013698879967,0,4,TRUE
37,14.5,0.684815863667433,0.90291986686328,0,4,TRUE
37,15,0.68229880814464,0.902719579772409,0,4,TRUE
37,15.5,0.680316688246412,0.904107761997699,0,4,TRUE
37,16,0.678803692522378,0.903832307058399,0,4,TRUE
37,16.5,0.678417265182944,0.903682209536309,0,4,TRUE
37,17,0.677650348741321,0.903579287269806,0,4,TRUE
37,17.5,0.67716307526978,0.903425529603986,0,4,TRUE
37,18,0.677162236107115,0.903604321450805,0,4,TRUE
37,18.5,0.676952556076672,0.903579371663821,0,4,TRUE
37,19,0.676142969989305,0.903522313525658,0,4,TRUE
37,19.5,0.675153973312393,0.903517026845184,0,4,TRUE
37,20,0.674830814917718,0.903449630137231,0,4,TRUE
37,20.5,0.674213114852919,0.90332673946485,0,4,TRUE
37,21,0.673439138804307,0.903257242239036,0,4,TRUE
37,21.5,0.673280354967453,0.903118697926729,0,4,TRUE
37,22,0.672725481186856,0.903090427383776,0,4,TRUE
37,22.5,0.670201134767213,0.902016933532207,0,4,TRUE
37,23,0.669815206560766,0.901886297393383,0,4,TRUE
37,23.5,0.667901750538105,0.89987339948223,0,4,TRUE
37,24,0.666900099914162,0.899834982914023,0,4,TRUE
37,24.5,0.66532095479372,0.899832252089886,0,4,TRUE
37,25,0.66531009107159,0.899793640334274,0,4,TRUE
41,1,0.871000217656357,0.875059768840736,3,2,TRUE
41,1.5,0.893861306786641,0.92026753052267,3,3,TRUE
41,2,0.911129935287507,0.948711086096774,3,4,TRUE
41,2.5,0.953544241809308,0.975708119315927,3,7,TRUE
41,3,0.986746244421459,0.993603326545071,5,9,TRUE
41,3.5,0.999997255835221,0.999998020824318,10,10,TRUE
41,4,0.990636813110847,0.997055516436081,7,10,TRUE
41,4.5,0.977766309313405,0.99264098028205,7,10,TRUE
41,5,0.964345887044637,0.988813756561184,7,10,TRUE
41,5.5,0.95438968900228,0.984627097647511,6,10,TRUE
41,6,0.939391063012381,0.975773061128396,6,10,TRUE
41,6.5,0.928709118537666,0.971007931207153,5,10,TRUE
41,7,0.918895404836011,0.967479953295642,5,10,TRUE
41,7.5,0.905538939160287,0.964121101561505,5,10,TRUE
41,8,0.89413633764043,0.960758721254549,5,10,TRUE
41,8.5,0.876835171881407,0.951711996505154,5,10,TRUE
41,9,0.870350053831676,0.950064975710416,5,10,TRUE
41,9.5,0.866965896253212,0.947343383001292,5,10,TRUE
41,10,0.86149843180006,0.946190432290956,5,10,TRUE
41,10.5,0.858639966615054,0.94526400606428,5,10,TRUE
41,11,0.855723963126848,0.943655220078467,5,10,TRUE
41,11.5,0.852547608736355,0.942894726888026,5,10,TRUE
41,12,0.848609459644667,0.941624472540772,5,10,TRUE
41,12.5,0.845402012336374,0.94100500348431,5,10,TRUE
41,13,0.843213076754628,0.940979732810014,5,10,TRUE
41,13.5,0.839477812763447,0.940397676345139,5,10,TRUE
41,14,0.83798864612944,0.94024110654943,5,10,TRUE
41,14.5,0.834850062580207,0.939377262419199,5,10,TRUE
41,15,0.831354532692014,0.938937619737241,5,10,TRUE
41,15.5,0.82801726409914,0.938435022209608,5,10,TRUE
41,16,0.825510554458068,0.937612457022587,5,10,TRUE
41,16.5,0.823996065370175,0.937386453041472,5,10,TRUE
41,17,0.823145077353251,0.93728116162984,5,10,TRUE
41,17.5,0.822025321974635,0.937160434018624,5,10,TRUE
41,18,0.820456892700074,0.936719993700255,5,10,TRUE
41,18.5,0.81947785443844,0.936472013307784,5,10,TRUE
41,19,0.818121822246419,0.93630259786642,5,10,TRUE
41,19.5,0.81771228008,0.936178691033501,5,10,TRUE
41,20,0.817092257955365,0.936127325168172,5,10,TRUE
41,20.5,0.81199528961147,0.933720051029766,5,10,TRUE
41,21,0.811929550268539,0.933665134295398,5,10,TRUE
41,21.5,0.811755243608922,0.933646520383317,5,10,TRUE
41,22,0.811024187162828,0.93354921388877,5,10,TRUE
41,22.5,0.810316699090929,0.933514794936871,5,10,TRUE
41,23,0.809207789671615,0.93330989929723,5,10,TRUE
41,23.5,0.808924698503194,0.933307294075879,5,10,TRUE
41,24,0.808657291298909,0.933266328360583,5,10,TRUE
41,24.5,0.808024124299278,0.933184868359118,5,10,TRUE
41,25,0.808050734340235,0.933191468979804,5,10,TRUE
47,1,0.745522715549553,0.80843659448689,3,9,FALSE
47,1.5,0.780321476068363,0.848552803704531,3,9,FALSE
47,2,0.821101115941956,0.880534510601743,3,9,FALSE
47,2.5,0.859885432643063,0.912975486242739,3,9,FALSE
47,3,0.904318980703321,0.939658841176579,3,10,FALSE
47,3.5,0.942842143777027,0.957646917725311,10,10,FALSE
47,4,0.970598808940789,0.97579011618782,10,10,FALSE
47,4.5,0.988981307588407,0.992771413351915,10,10,FALSE
47,5,0.99999656200484,0.999997691701606,10,10,FALSE
47,5.5,0.98791461427346,0.994645452830233,10,10,FALSE
47,6,0.976090584915606,0.989007893194043,7,10,FALSE
47,6.5,0.961269607464499,0.983309014851697,7,10,FALSE
47,7,0.946847065569298,0.979066041888975,7,9,FALSE
47,7.5,0.934816172843725,0.975317157580115,7,9,FALSE
47,8,0.925723373876426,0.972565482540669,7,9,FALSE
47,8.5,0.919133987403873,0.969270312654584,5,9,FALSE
47,9,0.912163163534073,0.964108331443599,5,9,FALSE
47,9.5,0.904950262647158,0.96041157060391,5,9,FALSE
47,10,0.896374492673546,0.957140263750803,5,9,FALSE
47,10.5,0.891913881705432,0.955541303288771,5,9,FALSE
47,11,0.885116049441058,0.953787897029747,5,9,FALSE
47,11.5,0.881888604670467,0.952149361917843,5,9,FALSE
47,12,0.877242443595636,0.949449557529703,5,9,FALSE
47,12.5,0.87334326709629,0.946668913651082,5,9,FALSE
47,13,0.868330237999427,0.944899878320649,5,9,FALSE
47,13.5,0.863224863719994,0.94338224552868,5,9,FALSE
47,14,0.859719675448323,0.942371554465289,5,9,FALSE
47,14.5,0.85808816698794,0.941821040085393,5,9,FALSE
47,15,0.849951106554843,0.940140810492178,5,9,FALSE
47,15.5,0.847925605182472,0.938083059098592,5,9,FALSE
47,16,0.845631031879997,0.93620434114806,5,9,FALSE
47,16.5,0.84407590097793,0.935610926222503,5,9,FALSE
47,17,0.842092449834545,0.934550061687193,5,9,FALSE
47,17.5,0.841342365745763,0.934218427819263,5,9,FALSE
47,18,0.839533249887359,0.93400153880584,5,9,FALSE
47,18.5,0.836948273986666,0.933381867861895,5,9,FALSE
47,19,0.836280062950654,0.933054854887902,5,9,FALSE
47,19.5,0.835410828049691,0.932695142007976,5,9,FALSE
47,20,0.834045357002944,0.932372979093904,5,9,FALSE
47,20.5,0.831409945035575,0.93165103948656,5,9,FALSE
47,21,0.83040440224503,0.931435750914613,5,9,FALSE
47,21.5,0.828179798373663,0.930993002341164,5,9,FALSE
47,22,0.827123286498769,0.930315553571653,5,9,FALSE
47,22.5,0.826215177797681,0.929837240091927,5,9,FALSE
47,23,0.825746970601712,0.929771927549944,5,9,FALSE
47,23.5,0.82476947714536,0.929580341694,5,9,FALSE
47,24,0.824211766525237,0.929525650811335,5,9,FALSE
47,24.5,0.822690416444605,0.929175240242376,5,9,FALSE
47,25,0.822322828271752,0.928981967354023,5,9,FALSE
49,1,0.884624866194646,0.890138021857458,3,3,TRUE
49,1.5,0.904607292942224,0.930110747602324,3,3,TRUE
49,2,0.921806578813173,0.953307173057144,3,4,TRUE
49,2.5,0.957533378058169,0.977214836701521,3,5,TRUE
49,3,0.986647826067468,0.994163295430106,5,5,TRUE
49,3.5,0.999998945919945,0.999999332861944,10,10,TRUE
49,4,0.992361784406,0.997133165597044,7,10,TRUE
49,4.5,0.979216584618918,0.993210811799378,7,9,TRUE
49,5,0.961529831837368,0.987951298060701,7,9,TRUE
49,5.5,0.951372885509174,0.984698473089648,7,9,TRUE
49,6,0.940290873595256,0.976705162911162,6,9,TRUE
49,6.5,0.928300627535644,0.971475950171179,6,9,TRUE
49,7,0.915519940748093,0.967290755269813,4,9,TRUE
49,7.5,0.894098342815832,0.955027072111652,4,9,TRUE
49,8,0.885919234526703,0.952172964953115,4,9,TRUE
49,8.5,0.876475369585032,0.948570335888003,4,9,TRUE
49,9,0.870664874813098,0.947288544714798,4,9,TRUE
49,9.5,0.863057661413364,0.945712043329428,4,9,TRUE
49,10,0.857863140387735,0.945486551431661,4,9,TRUE
49,10.5,0.853730190519639,0.944346055884994,4,9,TRUE
49,11,0.849060850054149,0.943861036988893,4,9,TRUE
49,11.5,0.847123069112743,0.942725219017256,4,9,TRUE
49,12,0.845157695545007,0.942023291949534,4,9,TRUE
49,12.5,0.842821251890439,0.941597733085577,4,9,TRUE
49,13,0.839258387774155,0.940127004082155,4,9,TRUE
49,13.5,0.835379271138016,0.938997174202479,4,9,TRUE
49,14,0.831214285960305,0.937667172064001,4,9,TRUE
49,14.5,0.830248758564531,0.937358906095053,4,9,TRUE
49,15,0.829363749851177,0.93701004527966,4,9,TRUE
49,15.5,0.826528801210434,0.936676116147288,4,9,TRUE
49,16,0.823518033763484,0.936217558955308,4,9,TRUE
49,16.5,0.817115392054246,0.933391088533888,4,9,TRUE
49,17,0.812778224364414,0.932002141994713,4,9,TRUE
49,17.5,0.811904222188966,0.931735347903734,4,9,TRUE
49,18,0.809387602104071,0.931470154136379,4,9,TRUE
49,18.5,0.807937704583689,0.931355721037412,4,9,TRUE
49,19,0.807679008666272,0.931255400212348,4,9,TRUE
49,19.5,0.807305382700115,0.931235815477746,4,9,TRUE
49,20,0.806845441502747,0.931143058071685,4,9,TRUE
49,20.5,0.805429599993838,0.930986599409074,4,9,TRUE
49,21,0.805067089528373,0.930884904040408,4,9,TRUE
49,21.5,0.803951511794451,0.930747544576144,4,9,TRUE
49,22,0.802493891861276,0.930587971942105,4,9,TRUE
49,22.5,0.802459733834421,0.930540120881543,4,9,TRUE
49,23,0.80228596227134,0.930544854646382,4,9,TRUE
49,23.5,0.80017217442757,0.930272190302522,4,9,TRUE
49,24,0.80004828468143,0.930250330088129,4,9,TRUE
49,24.5,0.799479027479572,0.930129281629821,4,9,TRUE
49,25,0.799473380866554,0.929996040158252,4,9,TRUE
65,1,0.903135865609932,0.909586910948563,3,4,TRUE
65,1.5,0.92256350137342,0.946032012166524,3,5,TRUE
65,2,0.947025277850354,0.970699846429025,3,6,TRUE
65,2.5,0.985066975220246,0.992513805013385,5,7,TRUE
65,3,0.999998278782687,0.999999074903002,10,10,TRUE
65,3.5,0.989299691825564,0.995614634672598,4,8,TRUE
65,4,0.967249470752248,0.988553911374851,2,8,TRUE
65,4.5,0.95132365417921,0.983735554918699,2,8,TRUE
65,5,0.934399190403105,0.977849443366359,2,7,TRUE
65,5.5,0.915418351682296,0.970298295370805,0,7,TRUE
65,6,0.898877215156192,0.961455409760803,0,7,TRUE
65,6.5,0.883259718914093,0.954808012974251,0,7,TRUE
65,7,0.865205840497139,0.94561557692454,0,7,TRUE
65,7.5,0.85404303392574,0.94105911560337,0,7,TRUE
65,8,0.844495589799493,0.936018095758512,0,7,TRUE
65,8.5,0.829213934732134,0.929527687935333,0,7,TRUE
65,9,0.818857655604177,0.926942675815999,0,7,TRUE
65,9.5,0.812169398650699,0.925694897350634,0,7,TRUE
65,10,0.806299275481516,0.924181134248692,0,7,TRUE
65,10.5,0.801935064626781,0.92125302038189,0,7,TRUE
65,11,0.798185603974318,0.920067428035256,0,7,TRUE
65,11.5,0.794884286226099,0.919925277036764,0,7,TRUE
65,12,0.791040981525356,0.919246703177689,0,7,TRUE
65,12.5,0.790058902649639,0.920801055532681,0,7,TRUE
65,13,0.780263067287104,0.919634156001512,0,7,TRUE
65,13.5,0.778474442041688,0.919771408432884,0,7,TRUE
65,14,0.776812101744744,0.919218989702654,0,7,TRUE
65,14.5,0.773967987903725,0.918514442423383,0,7,TRUE
65,15,0.772746975976337,0.918273259574643,0,7,TRUE
65,15.5,0.770888108709099,0.917746378082364,0,7,TRUE
65,16,0.770567292169818,0.91791994730305,0,7,TRUE
65,16.5,0.768362299366856,0.917207339124778,0,7,TRUE
65,17,0.767046366177487,0.917878519412066,0,7,TRUE
65,17.5,0.76653334115839,0.917688303011407,0,7,TRUE
65,18,0.766191407508343,0.917391698578772,0,7,TRUE
65,18.5,0.763176923586696,0.916832254459959,0,7,TRUE
65,19,0.762003972066924,0.916792659553798,0,7,TRUE
65,19.5,0.760243430308827,0.916710592278288,0,7,TRUE
65,20,0.759802737796497,0.916629731875269,0,7,TRUE
65,20.5,0.75848600560916,0.916443264220525,0,7,TRUE
65,21,0.75708171650217,0.916277700489743,0,7,TRUE
65,21.5,0.756904589748164,0.916216498541203,0,7,TRUE
65,22,0.756761697119669,0.916152773236939,0,7,TRUE
65,22.5,0.756447641244843,0.916117536487077,0,7,TRUE
65,23,0.755779377664976,0.916009620013115,0,7,TRUE
65,23.5,0.754748745802078,0.915950482190346,0,7,TRUE
65,24,0.753825731578296,0.915953872455617,0,7,TRUE
65,24.5,0.753452166643087,0.915921765197693,0,7,TRUE
65,25,0.753022968772575,0.915881239391953,0,7,TRUE
71,1,0.86182471695294,0.884979782008162,3,3,TRUE
71,1.5,0.88678725199784,0.925707631973163,3,4,TRUE
71,2,0.908257896908059,0.948892328394908,3,5,TRUE
71,2.5,0.948168230952511,0.975084949680254,3,5,TRUE
71,3,0.98486381935307,0.994119270663855,5,10,TRUE
71,3.5,0.999997713934112,0.999998576771805,10,10,TRUE
71,4,0.992600835049327,0.997483447497613,7,9,TRUE
71,4.5,0.978212152376226,0.992762725407561,6,9,TRUE
71,5,0.964765354594765,0.988729020889731,5,9,TRUE
71,5.5,0.948867236294633,0.982918700166754,5,9,TRUE
71,6,0.937313819551366,0.975630834963153,5,9,TRUE
71,6.5,0.923787325100567,0.970665794749068,5,9,TRUE
71,7,0.906181576258317,0.962731366161304,5,9,TRUE
71,7.5,0.893947817971113,0.9603298841001,5,9,TRUE
71,8,0.885343384147336,0.956668036272931,5,9,TRUE
71,8.5,0.876561721572316,0.954239576293354,5,9,TRUE
71,9,0.870505715078016,0.952320475301759,5,9,TRUE
71,9.5,0.862538646011033,0.949421751030241,5,9,TRUE
71,10,0.858561454762484,0.948710626499659,5,9,TRUE
71,10.5,0.855616547428788,0.947948820530823,5,9,TRUE
71,11,0.851951813235087,0.947090395543785,5,9,TRUE
71,11.5,0.845787448774677,0.945130738467362,5,9,TRUE
71,12,0.84378924732675,0.944456210548507,5,9,TRUE
71,12.5,0.842230584469391,0.943912692849584,5,9,TRUE
71,13,0.839680626436485,0.943239166340317,5,9,TRUE
71,13.5,0.836616794968817,0.94272008892064,5,9,TRUE
71,14,0.831794241293703,0.941411255834531,5,9,TRUE
71,14.5,0.830344350791144,0.941173986215802,5,9,TRUE
71,15,0.82935301804283,0.941002245847381,5,9,TRUE
71,15.5,0.827326523039199,0.940729211297039,5,9,TRUE
71,16,0.82588007786052,0.94054257248953,5,9,TRUE
71,16.5,0.825079720233538,0.940539634482024,5,9,TRUE
71,17,0.823749303088904,0.940417962262247,5,9,TRUE
71,17.5,0.817310921273829,0.937776355991155,5,9,TRUE
71,18,0.815883437176374,0.937541528024056,5,9,TRUE
71,18.5,0.814967535261381,0.937511716909104,5,9,TRUE
71,19,0.814757467890218,0.93756975613398,5,9,TRUE
71,19.5,0.813802383016625,0.937462891402796,5,9,TRUE
71,20,0.812681252952773,0.937157786975297,5,9,TRUE
71,20.5,0.812330590604465,0.93712802974472,5,9,TRUE
71,21,0.810523324049824,0.936723748918357,5,9,TRUE
71,21.5,0.809362649400632,0.936473454774445,5,9,TRUE
71,22,0.80751360720387,0.9373327814409,5,9,TRUE
71,22.5,0.806651620006766,0.937299528316758,5,9,TRUE
71,23,0.805657980799065,0.937277450165694,5,9,TRUE
71,23.5,0.804012995526285,0.936645382753503,5,9,TRUE
71,24,0.803917837271809,0.93659072096057,5,9,TRUE
71,24.5,0.803148795260345,0.936498839503806,5,9,TRUE
71,25,0.80273375578049,0.936227445240174,5,9,TRUE
74,1,0.904292749245663,0.906345847485674,3,3,TRUE
74,1.5,0.929565732426155,0.944248922558941,3,4,TRUE
74,2,0.949484118306912,0.968236192670977,3,9,TRUE
74,2.5,0.98199296989683,0.990778944210554,3,10,TRUE
74,3,0.999998011926654,0.999998892551555,10,10,TRUE
74,3.5,0.989417849613005,0.996100131397208,7,10,TRUE
74,4,0.968273357994417,0.990073337737214,7,10,TRUE
74,4.5,0.946100898676955,0.982708203544483,7,10,TRUE
74,5,0.930516970392898,0.977917338291178,7,10,TRUE
74,5.5,0.914889044231724,0.97318795393529,7,10,TRUE
74,6,0.897499983166024,0.969297229243063,5,10,TRUE
74,6.5,0.882695021179168,0.96584447980191,5,10,TRUE
74,7,0.867198172700397,0.963396782237709,5,10,TRUE
74,7.5,0.852835770562261,0.957516129350269,5,10,FALSE
74,8,0.847513887995101,0.956305175291079,5,10,FALSE
74,8.5,0.836973666446187,0.955145898598653,5,10,FALSE
74,9,0.826594228382292,0.953165623634266,5,10,FALSE
74,9.5,0.820462881542614,0.951974061281189,5,10,FALSE
74,10,0.817921756762084,0.951727611588662,5,10,FALSE
74,10.5,0.813417076928707,0.951247921970742,5,10,FALSE
74,11,0.80958552689876,0.950102610280057,5,10,FALSE
74,11.5,0.804544284403596,0.948015780447954,5,10,FALSE
74,12,0.801646039074945,0.944992524295777,5,10,FALSE
74,12.5,0.795388822023279,0.943601154273496,5,10,FALSE
74,13,0.7938314445391,0.942370603769342,5,10,FALSE
74,13.5,0.791019887838463,0.94151362804553,5,10,FALSE
74,14,0.789332416868017,0.941017581325171,5,10,FALSE
74,14.5,0.788015107505552,0.94009907187454,5,10,FALSE
74,15,0.782720759607142,0.937393446924897,5,10,FALSE
74,15.5,0.781975723036461,0.936948300402896,5,10,FALSE
74,16,0.780984027172264,0.93643881753663,5,10,FALSE
74,16.5,0.780089313993033,0.936072727315045,5,10,FALSE
74,17,0.779598851595408,0.935782997233161,5,10,FALSE
74,17.5,0.77773370355777,0.935326486173783,5,10,FALSE
74,18,0.776162628362081,0.935168669475737,5,10,FALSE
74,18.5,0.775333028989517,0.935096967413454,5,10,FALSE
74,19,0.775315657547686,0.935048522043064,5,10,FALSE
74,19.5,0.774985479424231,0.935007745895414,5,10,FALSE
74,20,0.774164490694453,0.934916571429399,5,10,FALSE
74,20.5,0.773824876837781,0.934775528211446,5,10,FALSE
74,21,0.773073792619901,0.934624590193123,5,10,FALSE
74,21.5,0.772419229380409,0.934575862403249,5,10,FALSE
74,22,0.77251946008704,0.934591450188905,5,10,TRUE
74,22.5,0.772197078425216,0.934516287992903,5,10,TRUE
74,23,0.771838166474299,0.934437290668461,5,10,TRUE
74,23.5,0.771564043288057,0.93432621476054,5,10,TRUE
74,24,0.771463859627533,0.934304369895113,5,10,TRUE
74,24.5,0.771226340020159,0.934118946939856,5,10,TRUE
74,25,0.770670935949827,0.934079729807314,5,10,TRUE
87,1,0.919920056873705,0.906748286291536,3,8,FALSE
87,1.5,0.938158730093851,0.9408733340147,3,8,FALSE
87,2,0.95629143412637,0.968597970317428,3,9,FALSE
87,2.5,0.987073783927805,0.992167057375073,5,9,TRUE
87,3,0.99863667537816,0.999025049445354,10,10,TRUE
87,3.5,0.979100109651391,0.990959412177306,7,8,TRUE
87,4,0.947926014725639,0.983833263974773,7,5,TRUE
87,4.5,0.921157807388269,0.976907805313236,7,5,TRUE
87,5,0.899595542290522,0.971063651482664,7,4,TRUE
87,5.5,0.879385145355303,0.962368812072985,7,4,TRUE
87,6,0.855194675270519,0.95477348475351,5,4,TRUE
87,6.5,0.837231841920561,0.946958394200823,5,4,TRUE
87,7,0.817148868235855,0.939711435277267,5,4,TRUE
87,7.5,0.803255866812098,0.934733635441795,5,4,TRUE
87,8,0.791010802849588,0.928253113136973,5,4,TRUE
87,8.5,0.773844508133083,0.920281690268824,5,4,TRUE
87,9,0.76712126626925,0.916700461662499,5,4,TRUE
87,9.5,0.760692013448746,0.915253735841683,5,4,TRUE
87,10,0.75384164986764,0.911798099023885,5,4,TRUE
87,10.5,0.748806580538203,0.909743588589755,5,4,TRUE
87,11,0.741241082305903,0.908457933216156,5,4,TRUE
87,11.5,0.738389025126022,0.907617553458511,5,4,TRUE
87,12,0.733119401806544,0.905903759444095,5,4,TRUE
87,12.5,0.728948320102244,0.904629093641993,5,4,TRUE
87,13,0.725180164068664,0.902979127438547,5,4,TRUE
87,13.5,0.723589876459398,0.902733601681111,5,4,TRUE
87,14,0.715120771092355,0.899156377060891,5,4,TRUE
87,14.5,0.713096253916428,0.898924276629977,5,4,TRUE
87,15,0.710549104818389,0.898702341378047,5,4,TRUE
87,15.5,0.708762427040221,0.898625353233847,5,4,FALSE
87,16,0.70698146091761,0.898566229061071,5,4,FALSE
87,16.5,0.705074842090622,0.898116967421594,5,4,FALSE
87,17,0.704154844372322,0.89789249035126,5,4,TRUE
87,17.5,0.702423378809717,0.898270660773776,5,4,TRUE
87,18,0.701879625837123,0.899045015064511,5,4,TRUE
87,18.5,0.701374962440863,0.898895312261879,5,4,TRUE
87,19,0.700863956447418,0.898738141823639,5,4,TRUE
87,19.5,0.700378110391351,0.898663310300269,5,4,TRUE
87,20,0.699195560093617,0.89861371862533,5,4,TRUE
87,20.5,0.698702980946438,0.898439430974735,5,4,TRUE
87,21,0.697846051983537,0.898161439149422,5,4,TRUE
87,21.5,0.696526307556943,0.898002790299296,5,4,TRUE
87,22,0.695958991824712,0.89785601180596,5,4,TRUE
87,22.5,0.695897240332807,0.897842014099579,5,4,TRUE
87,23,0.695167887459029,0.897686222222437,5,4,TRUE
87,23.5,0.690418261683066,0.897055307786286,5,4,TRUE
87,24,0.690209527120132,0.896981464161049,5,4,TRUE
87,24.5,0.688260304375837,0.896968657313737,5,4,TRUE
87,25,0.68813151604551,0.896932884153916,5,4,TRUE
89,1,0.887501124351135,0.884048939844067,3,5,TRUE
89,1.5,0.915416677420664,0.925156336432531,3,6,TRUE
89,2,0.944110188408366,0.962069671578685,3,6,TRUE
89,2.5,0.982569196720259,0.991015853626669,3,10,TRUE
89,3,0.999997326996894,0.99999885697117,10,10,TRUE
89,3.5,0.98571362505586,0.995142139390443,6,8,TRUE
89,4,0.963709960595093,0.98824659914548,6,8,TRUE
89,4.5,0.945532715089825,0.982975972601753,6,7,TRUE
89,5,0.926812242791196,0.977453490151098,6,7,TRUE
89,5.5,0.901717686554918,0.969340845926643,6,7,TRUE
89,6,0.884042180757559,0.962198994995244,4,7,TRUE
89,6.5,0.868591067177808,0.955017702767387,4,7,TRUE
89,7,0.854276516756803,0.951018498152352,4,7,TRUE
89,7.5,0.84222215207889,0.946188982416196,4,7,TRUE
89,8,0.831851109950124,0.942733115581113,4,7,TRUE
89,8.5,0.823179692556442,0.941113544592196,4,7,TRUE
89,9,0.81235365820016,0.93978229958854,4,7,TRUE
89,9.5,0.806308481322138,0.938308394268162,4,7,TRUE
89,10,0.799807015187837,0.937343916161165,4,7,TRUE
89,10.5,0.787517377987167,0.931742762897839,4,7,TRUE
89,11,0.783930930871594,0.931210878453009,4,7,TRUE
89,11.5,0.782645976964074,0.931134601746619,4,7,TRUE
89,12,0.776587858617492,0.9300189226086,4,7,TRUE
89,12.5,0.772562986564156,0.929551991525603,4,7,TRUE
89,13,0.769985493672056,0.929071807027027,4,7,TRUE
89,13.5,0.768716468865699,0.928862495729854,4,7,TRUE
89,14,0.766956314249409,0.928201451078273,4,7,TRUE
89,14.5,0.76484868791811,0.927684983127758,4,7,TRUE
89,15,0.762914066302988,0.927163205393974,4,7,TRUE
89,15.5,0.760645324580703,0.926779608068174,4,7,TRUE
89,16,0.759741581168635,0.926413289266006,4,7,TRUE
89,16.5,0.758792043346825,0.926119587646282,4,7,TRUE
89,17,0.757773911371139,0.925927132210417,4,7,TRUE
89,17.5,0.756711910513445,0.925808414907305,4,7,TRUE
89,18,0.753885448825654,0.924786284963683,4,7,TRUE
89,18.5,0.751952952449593,0.924634452146265,4,7,TRUE
89,19,0.75192299280316,0.924593741347713,4,7,TRUE
89,19.5,0.750247642694695,0.923642075558602,4,7,TRUE
89,20,0.749576791052519,0.923526148855053,4,7,TRUE
89,20.5,0.750214192750657,0.923438195827926,4,7,TRUE
89,21,0.749804279692376,0.92327456742601,4,7,TRUE
89,21.5,0.749642687089584,0.923218971059799,4,7,TRUE
89,22,0.75028078391574,0.923006759757373,4,7,TRUE
89,22.5,0.749877180978357,0.922896778146562,4,7,TRUE
89,23,0.747950148199903,0.921982053825205,4,7,TRUE
89,23.5,0.747907479673747,0.921897869307985,4,7,TRUE
89,24,0.747566539223337,0.921798721803349,4,7,TRUE
89,24.5,0.74714190747319,0.921656356238667,4,7,TRUE
89,25,0.746552096651014,0.921580965223934,4,7,TRUE
100,1,0.95274769816614,0.941949201820085,5,8,TRUE
100,1.5,0.968786024081395,0.972290875713356,5,8,TRUE
100,2,0.987393730541546,0.989967567165034,5,9,TRUE
100,2.5,0.998596847260084,0.999218497502407,8,10,TRUE
100,3,0.965637949636311,0.98103659117321,4,10,TRUE
100,3.5,0.916399176633339,0.9598261374099,4,5,TRUE
100,4,0.870616379602566,0.943666766012337,4,5,TRUE
100,4.5,0.835991041728505,0.932223777403948,4,4,TRUE
100,5,0.811071118453528,0.920324393748476,4,4,TRUE
100,5.5,0.78727147520249,0.911222245458912,4,4,TRUE
100,6,0.763110920418186,0.893535437827436,4,4,TRUE
100,6.5,0.747777877354635,0.888117795467407,2,4,TRUE
100,7,0.736176470929903,0.881712663860928,2,4,TRUE
100,7.5,0.725547669297644,0.87761224493811,2,4,TRUE
100,8,0.711503957860269,0.876270826631177,2,4,TRUE
100,8.5,0.689235117529348,0.868525276623153,2,4,TRUE
100,9,0.678251728557313,0.86561810183863,2,4,TRUE
100,9.5,0.671446355521819,0.864625820919576,2,4,TRUE
100,10,0.664043735558683,0.862318447548686,2,4,TRUE
100,10.5,0.657716922074133,0.86062312178241,2,4,TRUE
100,11,0.657189272635565,0.861482253377939,2,4,TRUE
100,11.5,0.655140699063037,0.86094871992124,2,4,TRUE
100,12,0.651579860801973,0.859781375786657,2,4,TRUE
100,12.5,0.648201178648913,0.859062731965243,2,4,TRUE
100,13,0.641809270428656,0.855893088390356,2,4,TRUE
100,13.5,0.640150022393761,0.855085212672477,2,4,TRUE
100,14,0.635280979866993,0.854176878691343,2,4,TRUE
100,14.5,0.633829930956263,0.853664247176121,2,4,TRUE
100,15,0.631796342603999,0.853242054662388,2,4,TRUE
100,15.5,0.630346375884237,0.853005155636331,2,4,TRUE
100,16,0.629649850387959,0.852905783633042,2,4,TRUE
100,16.5,0.628050445436717,0.851997993925505,2,4,TRUE
100,17,0.627548506153716,0.851898271482217,2,4,TRUE
100,17.5,0.628195004206376,0.852211330882807,2,4,TRUE
100,18,0.624209104687477,0.851859942517882,2,4,TRUE
100,18.5,0.623721209654598,0.85173367204105,2,4,TRUE
100,19,0.621747753998451,0.851240648561242,2,4,TRUE
100,19.5,0.620865739681798,0.850900804499518,2,4,TRUE
100,20,0.619793043812775,0.850499729263337,2,4,TRUE
100,20.5,0.618971354799151,0.850267172793134,2,4,TRUE
100,21,0.618728901677241,0.850210537720578,2,4,TRUE
100,21.5,0.618346072740555,0.850072721864587,2,4,TRUE
100,22,0.617006338477804,0.850051174857466,2,4,TRUE
100,22.5,0.615936735570125,0.849889924301567,2,4,TRUE
100,23,0.616252649392031,0.849919879202849,2,4,TRUE
100,23.5,0.614958474821063,0.8497587781347,2,4,TRUE
100,24,0.614763569342592,0.849663288314763,2,4,TRUE
100,24.5,0.614153836879043,0.849583137692099,2,4,TRUE
100,25,0.614196641543745,0.849645984874736,2,4,TRUE
