"tree_id","lambda_auto","lambda_genus","rho_priority","auto_is_target","genus_is_target","agree_top"
1,3.5,3.4116665846526,0.999813788290498,TRUE,TRUE,TRUE
2,4,3.43631704802917,0.996418260715782,TRUE,TRUE,TRUE
3,5.1,4.25637226398313,0.990613778526253,FALSE,FALSE,TRUE
4,3.3,3.18543054640174,0.998951521642352,TRUE,TRUE,TRUE
5,3.4,3.17658004545389,0.999053539543708,TRUE,TRUE,TRUE
6,3.1,3.29254612546096,0.99903744536429,TRUE,TRUE,TRUE
7,3.6,3.21695393607054,0.995961290527254,TRUE,TRUE,TRUE
8,3.2,3.2456612350104,0.999839353312227,TRUE,TRUE,TRUE
9,3.6,3.21510548074634,0.99555087438177,TRUE,TRUE,TRUE
10,4.9,4.48584397007884,0.993570386997147,FALSE,FALSE,TRUE
11,4.9,4.4698962722849,0.994983948314388,FALSE,FALSE,TRUE
12,3.3,3.07464703141405,0.998457203927314,TRUE,TRUE,TRUE
13,3.3,3.26215971350867,0.999944534184345,TRUE,TRUE,TRUE
14,4.8,4.4326778741528,0.995599582604918,FALSE,FALSE,TRUE
15,3.7,3.28551434845051,0.99596366450793,TRUE,TRUE,TRUE
16,3.7,3.36425349411904,0.997702271688601,TRUE,TRUE,TRUE
17,3.8,3.28888791597434,0.995361415119998,TRUE,TRUE,TRUE
18,3.7,3.38579218501564,0.9978891725597,TRUE,TRUE,TRUE
19,3.7,3.24319968052655,0.996923831137984,TRUE,TRUE,TRUE
20,4.9,4.47157455877521,0.995744947214063,FALSE,FALSE,TRUE
21,3.4,2.95865779758893,0.996140675436927,FALSE,FALSE,TRUE
22,3.4,3.07457370437731,0.996068791317433,TRUE,TRUE,TRUE
23,4.2,2.33120781621711,0.941821906990461,TRUE,TRUE,TRUE
24,3.7,3.14657523430132,0.994657873971896,TRUE,TRUE,TRUE
25,3.6,2.99909736102418,0.994298116905301,TRUE,TRUE,TRUE
26,3.6,3.34514769509029,0.999043787654791,TRUE,TRUE,TRUE
27,3.4,3.03769684368849,0.996067411237779,TRUE,TRUE,TRUE
28,3.4,3.14648348181762,0.996658942648733,TRUE,TRUE,TRUE
29,3.4,3.11694566247669,0.997323074618412,TRUE,TRUE,TRUE
30,3.6,3.42260189192772,0.999506990023881,TRUE,TRUE,TRUE
31,3.6,3.46583766785326,0.999721803520362,TRUE,TRUE,TRUE
32,3.3,3.1189473513962,0.998415303496955,TRUE,TRUE,TRUE
33,3.2,3.31516650617051,0.998082006936883,TRUE,TRUE,TRUE
34,3.6,3.29926510814904,0.998769749806193,TRUE,TRUE,TRUE
35,3.6,3.27983449046844,0.997689743082571,TRUE,TRUE,TRUE
36,4.9,4.56270307235849,0.99716397524182,FALSE,FALSE,TRUE
37,2.6,3.06350054968389,0.99113789824844,TRUE,TRUE,TRUE
38,3.5,3.06923714894117,0.996637853095555,TRUE,TRUE,TRUE
39,4.8,4.84685392010177,0.999889575291171,FALSE,FALSE,TRUE
40,3.4,3.05875163415533,0.99590328850554,TRUE,TRUE,TRUE
41,3.5,3.21061484139394,0.997429576449215,TRUE,TRUE,TRUE
42,3.5,2.98296262205559,0.993384244655864,TRUE,TRUE,TRUE
43,3.4,3.16056034137362,0.997295611470947,TRUE,TRUE,TRUE
44,3.4,2.91770419731093,0.992459367816655,TRUE,TRUE,TRUE
45,3.3,3.09847234288523,0.998549354415018,TRUE,TRUE,TRUE
46,3.5,3.40343913298496,0.999543050710889,TRUE,TRUE,TRUE
47,5,4.88875582816761,0.999875663172424,FALSE,FALSE,TRUE
48,3.5,3.1085022913711,0.996368675526379,TRUE,TRUE,TRUE
49,3.5,3.23160419816846,0.998282506678755,TRUE,TRUE,TRUE
50,3,3.24763784230581,0.998273313325779,TRUE,TRUE,TRUE
51,5,4.44291064629358,0.992765774927352,FALSE,FALSE,TRUE
52,3.1,3.19448748850051,0.999049978583346,TRUE,TRUE,TRUE
53,3.6,3.30806895712965,0.998704352302175,TRUE,TRUE,TRUE
54,3.4,3.19219018366028,0.998182627674698,TRUE,TRUE,TRUE
55,5,4.80529643048764,0.999495919885592,FALSE,FALSE,TRUE
56,3.1,3.37498523488202,0.998410571309709,TRUE,TRUE,TRUE
57,4.9,4.93190174520479,0.999963667533704,FALSE,FALSE,TRUE
58,3.3,3.37722283256515,0.99991369908191,TRUE,TRUE,TRUE
59,3.4,3.24846904929141,0.998858073226204,TRUE,TRUE,TRUE
60,3.3,3.26386092885325,0.9998235510006,TRUE,TRUE,TRUE
61,2.9,3.22114078897308,0.996254677283646,TRUE,TRUE,TRUE
62,3.1,2.93451739192487,0.998729823272196,TRUE,TRUE,TRUE
63,4.3,2.29564627609781,0.937753596760751,TRUE,TRUE,TRUE
64,3.3,3.08221280914098,0.998853416659043,TRUE,TRUE,TRUE
65,3,3.09773127140508,0.999480006550755,TRUE,TRUE,TRUE
66,3.2,3.11460834012095,0.999172602432061,TRUE,TRUE,TRUE
67,3,3.17961458173635,0.99871130774914,TRUE,TRUE,TRUE
68,3.2,3.16168145190604,0.9992030459773,TRUE,TRUE,TRUE
69,3.1,3.12072126923685,0.999953767353999,TRUE,TRUE,TRUE
70,3.2,3.13032124169146,0.99965140731522,TRUE,TRUE,TRUE
71,3.5,3.30418056063466,0.999052530143032,TRUE,TRUE,TRUE
72,5,4.89213999297829,0.999338274364556,FALSE,FALSE,TRUE
73,2.7,3.13642645623702,0.993876745526807,TRUE,TRUE,TRUE
74,3,3.1070050684258,0.999536246036439,TRUE,TRUE,TRUE
75,2.9,3.11558405620625,0.99933637589043,TRUE,TRUE,TRUE
76,3,3.18312193928863,0.99793451080958,TRUE,TRUE,TRUE
77,2.7,3.02836303147616,0.994018115444625,TRUE,TRUE,TRUE
78,5,4.75605892112033,0.996382400356497,FALSE,FALSE,TRUE
79,3,3.20032585624573,0.997569960801106,TRUE,TRUE,TRUE
80,3.1,3.09269109251819,0.999995165478446,TRUE,TRUE,TRUE
81,3.2,3.04938833831603,0.999328312706213,TRUE,TRUE,TRUE
82,3.2,3.11506330589596,0.999468842943829,TRUE,TRUE,TRUE
83,2.9,2.95817243251944,0.999662237088937,TRUE,TRUE,TRUE
84,3.2,3.24405387958021,0.999916163072951,TRUE,TRUE,TRUE
85,3.1,2.89447684160715,0.998452040522116,TRUE,TRUE,TRUE
86,3,3.20595377160338,0.998292158731308,TRUE,TRUE,TRUE
87,2.9,3.20096864443937,0.995525741307683,TRUE,TRUE,TRUE
88,5,4.78073170952274,0.998148239867196,FALSE,FALSE,TRUE
89,3,3.16361364019206,0.998814598815105,TRUE,TRUE,TRUE
90,3,3.14604397659641,0.999114370694879,TRUE,TRUE,TRUE
91,2.8,3.21328929501587,0.991319382819181,TRUE,TRUE,TRUE
92,3.1,3.07882497382627,0.999956671643958,TRUE,TRUE,TRUE
93,2.7,3.1591165199888,0.993807039438684,TRUE,TRUE,TRUE
94,2.9,3.13317595498572,0.996696179245068,TRUE,TRUE,TRUE
95,2.9,3.10130378100378,0.998066874526142,TRUE,TRUE,TRUE
96,2.9,2.84896494517956,0.999842613349055,TRUE,TRUE,TRUE
97,2.8,3.01572362394803,0.997275050499974,TRUE,TRUE,TRUE
98,2.8,3.15900427757555,0.994613674117889,TRUE,TRUE,TRUE
99,2.5,3.03784900047781,0.989326922570583,TRUE,TRUE,TRUE
100,2.4,2.98808903139647,0.981298704260688,TRUE,TRUE,TRUE
